"set","qnum","id","difficulty","answer","img","skill","domain","fmt"
"Area and Volume 1","1.1","5252e606","372","C","Area_and_Volume_1/q_01.jpg","Area and Volume","Geometry and Trig","MCQ"
"Area and Volume 1","1.2","59cb654c","369","A","Area_and_Volume_1/q_02.jpg","Area and Volume","Geometry and Trig","MCQ"
"Area and Volume 1","1.3","0837c3b9","476","B","Area_and_Volume_1/q_03.jpg","Area and Volume","Geometry and Trig","MCQ"
"Area and Volume 1","1.4","c88183f7","369","C","Area_and_Volume_1/q_04.jpg","Area and Volume","Geometry and Trig","MCQ"
"Area and Volume 1","1.5","29e9b28c","660","A","Area_and_Volume_1/q_05.jpg","Area and Volume","Geometry and Trig","MCQ"
"Area and Volume 1","1.6","3453aafc","397","D","Area_and_Volume_1/q_06.jpg","Area and Volume","Geometry and Trig","MCQ"
"Area and Volume 1","1.7","f60bb551","394","A","Area_and_Volume_1/q_07.jpg","Area and Volume","Geometry and Trig","MCQ"
"Area and Volume 1","1.8","4420e500","369","B","Area_and_Volume_1/q_08.jpg","Area and Volume","Geometry and Trig","MCQ"
"Area and Volume 1","1.9","165c30c4","242","2048","Area_and_Volume_1/q_09.jpg","Area and Volume","Geometry and Trig","SPR"
"Area and Volume 1","1.10","d683a9cc","598","A","Area_and_Volume_1/q_10.jpg","Area and Volume","Geometry and Trig","MCQ"
"Area and Volume 1","1.11","f39f88b7","246","1800","Area_and_Volume_1/q_11.jpg","Area and Volume","Geometry and Trig","SPR"
"Area and Volume 1","1.12","93f48423","391","C","Area_and_Volume_1/q_12.jpg","Area and Volume","Geometry and Trig","MCQ"
"Area and Volume 1","1.13","d2047497","369","C","Area_and_Volume_1/q_13.jpg","Area and Volume","Geometry and Trig","MCQ"
"Area and Volume 1","1.14","a490003a","407","D","Area_and_Volume_1/q_14.jpg","Area and Volume","Geometry and Trig","MCQ"
"Area and Volume 1","1.15","50774285","407","A","Area_and_Volume_1/q_15.jpg","Area and Volume","Geometry and Trig","MCQ"
"Area and Volume 1","1.16","fc5ef8d3","573","C","Area_and_Volume_1/q_16.jpg","Area and Volume","Geometry and Trig","MCQ"
"Area and Volume 1","1.17","0e40dfb0","407","D","Area_and_Volume_1/q_17.jpg","Area and Volume","Geometry and Trig","MCQ"
"Area and Volume 1","1.18","2b41a4c4","243","880","Area_and_Volume_1/q_18.jpg","Area and Volume","Geometry and Trig","SPR"
"Area and Volume 1","1.19","babd7461","656","A","Area_and_Volume_1/q_19.jpg","Area and Volume","Geometry and Trig","MCQ"
"Area and Volume 1","1.20","bb560789","407","D","Area_and_Volume_1/q_20.jpg","Area and Volume","Geometry and Trig","MCQ"
"Area and Volume 2","2.1","f67e4efc","401","A","Area_and_Volume_2/q_01.jpg","Area and Volume","Geometry and Trig","MCQ"
"Area and Volume 2","2.2","5afbdc8e","460","C","Area_and_Volume_2/q_02.jpg","Area and Volume","Geometry and Trig","MCQ"
"Area and Volume 2","2.3","ec5d4823","263","360","Area_and_Volume_2/q_03.jpg","Area and Volume","Geometry and Trig","SPR"
"Area and Volume 2","2.4","151eda3c","472","B","Area_and_Volume_2/q_04.jpg","Area and Volume","Geometry and Trig","MCQ"
"Area and Volume 2","2.5","38517165","217","31","Area_and_Volume_2/q_05.jpg","Area and Volume","Geometry and Trig","SPR"
"Area and Volume 2","2.6","08b7a3f5","266","27","Area_and_Volume_2/q_06.jpg","Area and Volume","Geometry and Trig","SPR"
"Area and Volume 2","2.7","a2e76b60","518","C","Area_and_Volume_2/q_07.jpg","Area and Volume","Geometry and Trig","MCQ"
"Area and Volume 2","2.8","37dde49f","556","D","Area_and_Volume_2/q_08.jpg","Area and Volume","Geometry and Trig","MCQ"
"Area and Volume 2","2.9","cf53cb56","561","C","Area_and_Volume_2/q_09.jpg","Area and Volume","Geometry and Trig","MCQ"
"Area and Volume 2","2.10","d621cffb","398","D","Area_and_Volume_2/q_10.jpg","Area and Volume","Geometry and Trig","MCQ"
"Area and Volume 2","2.11","3b931fb0","246","29","Area_and_Volume_2/q_11.jpg","Area and Volume","Geometry and Trig","SPR"
"Area and Volume 2","2.12","e0874bc2","573","D","Area_and_Volume_2/q_12.jpg","Area and Volume","Geometry and Trig","MCQ"
"Area and Volume 2","2.13","c0586eb5","394","C","Area_and_Volume_2/q_13.jpg","Area and Volume","Geometry and Trig","MCQ"
"Area and Volume 2","2.14","e336a1d2","372","D","Area_and_Volume_2/q_14.jpg","Area and Volume","Geometry and Trig","MCQ"
"Area and Volume 2","2.15","468613c0","411","C","Area_and_Volume_2/q_15.jpg","Area and Volume","Geometry and Trig","MCQ"
"Area and Volume 2","2.16","aef4fd8a","382","D","Area_and_Volume_2/q_16.jpg","Area and Volume","Geometry and Trig","MCQ"
"Area and Volume 2","2.17","9c0a0eca","407","B","Area_and_Volume_2/q_17.jpg","Area and Volume","Geometry and Trig","MCQ"
"Area and Volume 2","2.18","e9c5bfb2","644","B","Area_and_Volume_2/q_18.jpg","Area and Volume","Geometry and Trig","MCQ"
"Area and Volume 2","2.19","a2659088","411","D","Area_and_Volume_2/q_19.jpg","Area and Volume","Geometry and Trig","MCQ"
"Area and Volume 2","2.20","03c6994f","407","A","Area_and_Volume_2/q_20.jpg","Area and Volume","Geometry and Trig","MCQ"
"Area and Volume 2","2.21","096c7ef5","872","B","Area_and_Volume_2/q_21.jpg","Area and Volume","Geometry and Trig","MCQ"
"Area and Volume 3","3.1","a07ed090","564","C","Area_and_Volume_3/q_01.jpg","Area and Volume","Geometry and Trig","MCQ"
"Area and Volume 3","3.2","899c6042","239","66","Area_and_Volume_3/q_02.jpg","Area and Volume","Geometry and Trig","SPR"
"Area and Volume 3","3.3","b0dc920d","495","D","Area_and_Volume_3/q_03.jpg","Area and Volume","Geometry and Trig","MCQ"
"Area and Volume 3","3.4","5b2b8866","242","518.4","Area_and_Volume_3/q_04.jpg","Area and Volume","Geometry and Trig","SPR"
"Area and Volume 3","3.5","9f934297","242","2216","Area_and_Volume_3/q_05.jpg","Area and Volume","Geometry and Trig","SPR"
"Area and Volume 3","3.6","dc71597b","530","A","Area_and_Volume_3/q_06.jpg","Area and Volume","Geometry and Trig","MCQ"
"Area and Volume 3","3.7","93de3f84","417","C","Area_and_Volume_3/q_07.jpg","Area and Volume","Geometry and Trig","MCQ"
"Area and Volume 3","3.8","eb70d2d0","639","24.5","Area_and_Volume_3/q_08.jpg","Area and Volume","Geometry and Trig","SPR"
"Area and Volume 3","3.9","f7e626b2","393","D","Area_and_Volume_3/q_09.jpg","Area and Volume","Geometry and Trig","MCQ"
"Area and Volume 3","3.10","459dd6c5","263","135/8","Area_and_Volume_3/q_10.jpg","Area and Volume","Geometry and Trig","SPR"
"Area and Volume 3","3.11","310c87fe","393","B","Area_and_Volume_3/q_11.jpg","Area and Volume","Geometry and Trig","MCQ"
"Area and Volume 3","3.12","983412ea","246","12","Area_and_Volume_3/q_12.jpg","Area and Volume","Geometry and Trig","SPR"
"Area and Volume 3","3.13","099526fc","926","B","Area_and_Volume_3/q_13.jpg","Area and Volume","Geometry and Trig","MCQ"
"Area and Volume 3","3.14","c984f1a5","411","D","Area_and_Volume_3/q_14.jpg","Area and Volume","Geometry and Trig","MCQ"
"Area and Volume 3","3.15","6708546e","433","C","Area_and_Volume_3/q_15.jpg","Area and Volume","Geometry and Trig","MCQ"
"Area and Volume 3","3.16","b2528e6b","700","8","Area_and_Volume_3/q_16.jpg","Area and Volume","Geometry and Trig","SPR"
"Area and Volume 3","3.17","502d9690","433","C","Area_and_Volume_3/q_17.jpg","Area and Volume","Geometry and Trig","MCQ"
"Area and Volume 3","3.18","deff8a2f","411","C","Area_and_Volume_3/q_18.jpg","Area and Volume","Geometry and Trig","MCQ"
"Circles 1","1.1","23c5fcce","499","A","Circles_1/q_01.jpg","Circles","Geometry and Trig","MCQ"
"Circles 1","1.2","d03e29f1","408","C","Circles_1/q_02.jpg","Circles","Geometry and Trig","MCQ"
"Circles 1","1.3","f2495de4","384","C","Circles_1/q_03.jpg","Circles","Geometry and Trig","MCQ"
"Circles 2","2.1","8e7689e0","247","4","Circles_2/q_01.jpg","Circles","Geometry and Trig","SPR"
"Circles 2","2.2","74d8b897","220","81","Circles_2/q_02.jpg","Circles","Geometry and Trig","SPR"
"Circles 2","2.3","856372ca","439","B","Circles_2/q_03.jpg","Circles","Geometry and Trig","MCQ"
"Circles 2","2.4","95ba2d09","663","C","Circles_2/q_04.jpg","Circles","Geometry and Trig","MCQ"
"Circles 2","2.5","82c8325f","403","D","Circles_2/q_05.jpg","Circles","Geometry and Trig","MCQ"
"Circles 2","2.6","a0cacec1","220","192","Circles_2/q_06.jpg","Circles","Geometry and Trig","SPR"
"Circles 2","2.7","b96ff36e","241","5","Circles_2/q_07.jpg","Circles","Geometry and Trig","SPR"
"Circles 2","2.8","2d521ca9","381","B","Circles_2/q_08.jpg","Circles","Geometry and Trig","MCQ"
"Circles 2","2.9","ee540927","411","D","Circles_2/q_09.jpg","Circles","Geometry and Trig","MCQ"
"Circles 2","2.10","fc8aa563","387","C","Circles_2/q_10.jpg","Circles","Geometry and Trig","MCQ"
"Circles 2","2.11","800e71b8","589","D","Circles_2/q_11.jpg","Circles","Geometry and Trig","MCQ"
"Circles 3","3.1","c8345903","579","B","Circles_3/q_01.jpg","Circles","Geometry and Trig","MCQ"
"Circles 3","3.2","2266984b","456","B","Circles_3/q_02.jpg","Circles","Geometry and Trig","MCQ"
"Circles 3","3.3","69b0d79d","595","B","Circles_3/q_03.jpg","Circles","Geometry and Trig","MCQ"
"Circles 3","3.4","ab176ad6","252","11","Circles_3/q_04.jpg","Circles","Geometry and Trig","SPR"
"Circles 3","3.5","3e577e4a","395","A","Circles_3/q_05.jpg","Circles","Geometry and Trig","MCQ"
"Circles 3","3.6","9e44284b","437","A","Circles_3/q_06.jpg","Circles","Geometry and Trig","MCQ"
"Circles 3","3.7","ca2235f6","393","D","Circles_3/q_07.jpg","Circles","Geometry and Trig","MCQ"
"Circles 3","3.8","981275d2","489","A","Circles_3/q_08.jpg","Circles","Geometry and Trig","MCQ"
"Circles 3","3.9","89661424","243","-52","Circles_3/q_09.jpg","Circles","Geometry and Trig","SPR"
"Circles 3","3.10","fb58c0db","261","1/6","Circles_3/q_10.jpg","Circles","Geometry and Trig","SPR"
"Circles 3","3.11","acd30391","435","D","Circles_3/q_11.jpg","Circles","Geometry and Trig","MCQ"
"Circles 3","3.12","b8a225ff","268","16","Circles_3/q_12.jpg","Circles","Geometry and Trig","SPR"
"Circles 3","3.13","249d3f80","242","100","Circles_3/q_13.jpg","Circles","Geometry and Trig","SPR"
"Circles 3","3.14","abcd0007","316","3","Circles_3/q_14.jpg","Circles","Geometry and Trig","SPR"
"Circles 3","3.15","1b2b20b9","754","28","Circles_3/q_15.jpg","Circles","Geometry and Trig","SPR"
"Circles 3","3.16","2855cb58","385","B","Circles_3/q_16.jpg","Circles","Geometry and Trig","MCQ"
"Circles 3","3.17","fa2771d5","436","C","Circles_3/q_17.jpg","Circles","Geometry and Trig","MCQ"
"Circles 3","3.18","35d37640","433","D","Circles_3/q_18.jpg","Circles","Geometry and Trig","MCQ"
"Equivalent Expressions 1","1.1","e312081b","451","B","Equivalent_Expressions_1/q_01.jpg","Equivalent Expressions","Advanced Math","MCQ"
"Equivalent Expressions 1","1.2","1d3fee25","427","C","Equivalent_Expressions_1/q_02.jpg","Equivalent Expressions","Advanced Math","MCQ"
"Equivalent Expressions 1","1.3","60fdb4d4","432","A","Equivalent_Expressions_1/q_03.jpg","Equivalent Expressions","Advanced Math","MCQ"
"Equivalent Expressions 1","1.4","49efde89","403","D","Equivalent_Expressions_1/q_04.jpg","Equivalent Expressions","Advanced Math","MCQ"
"Equivalent Expressions 1","1.5","9ed9f54d","425","A","Equivalent_Expressions_1/q_05.jpg","Equivalent Expressions","Advanced Math","MCQ"
"Equivalent Expressions 1","1.6","294db8ec","433","D","Equivalent_Expressions_1/q_06.jpg","Equivalent Expressions","Advanced Math","MCQ"
"Equivalent Expressions 1","1.7","6e06a0a7","433","D","Equivalent_Expressions_1/q_07.jpg","Equivalent Expressions","Advanced Math","MCQ"
"Equivalent Expressions 1","1.8","df0ef054","457","C","Equivalent_Expressions_1/q_08.jpg","Equivalent Expressions","Advanced Math","MCQ"
"Equivalent Expressions 1","1.9","127b2759","369","B","Equivalent_Expressions_1/q_09.jpg","Equivalent Expressions","Advanced Math","MCQ"
"Equivalent Expressions 1","1.10","fb96a5b3","427","B","Equivalent_Expressions_1/q_10.jpg","Equivalent Expressions","Advanced Math","MCQ"
"Equivalent Expressions 1","1.11","e597050f","372","D","Equivalent_Expressions_1/q_11.jpg","Equivalent Expressions","Advanced Math","MCQ"
"Equivalent Expressions 1","1.12","1e8d7183","372","D","Equivalent_Expressions_1/q_12.jpg","Equivalent Expressions","Advanced Math","MCQ"
"Equivalent Expressions 1","1.13","0354c7de","450","A","Equivalent_Expressions_1/q_13.jpg","Equivalent Expressions","Advanced Math","MCQ"
"Equivalent Expressions 1","1.14","974d33dc","432","D","Equivalent_Expressions_1/q_14.jpg","Equivalent Expressions","Advanced Math","MCQ"
"Equivalent Expressions 1","1.15","d4d513ff","373","C","Equivalent_Expressions_1/q_15.jpg","Equivalent Expressions","Advanced Math","MCQ"
"Equivalent Expressions 1","1.16","5dd53f73","391","B","Equivalent_Expressions_1/q_16.jpg","Equivalent Expressions","Advanced Math","MCQ"
"Equivalent Expressions 1","1.17","4ac59df6","395","A","Equivalent_Expressions_1/q_17.jpg","Equivalent Expressions","Advanced Math","MCQ"
"Equivalent Expressions 1","1.18","5d93c782","372","B","Equivalent_Expressions_1/q_18.jpg","Equivalent Expressions","Advanced Math","MCQ"
"Equivalent Expressions 1","1.19","0536ad4f","368","B","Equivalent_Expressions_1/q_19.jpg","Equivalent Expressions","Advanced Math","MCQ"
"Equivalent Expressions 1","1.20","67e866b5","370","D","Equivalent_Expressions_1/q_20.jpg","Equivalent Expressions","Advanced Math","MCQ"
"Equivalent Expressions 1","1.21","70482e20","368","B","Equivalent_Expressions_1/q_21.jpg","Equivalent Expressions","Advanced Math","MCQ"
"Equivalent Expressions 1","1.22","50338a48","385","A","Equivalent_Expressions_1/q_22.jpg","Equivalent Expressions","Advanced Math","MCQ"
"Equivalent Expressions 1","1.23","290cdc2c","420","B","Equivalent_Expressions_1/q_23.jpg","Equivalent Expressions","Advanced Math","MCQ"
"Equivalent Expressions 1","1.24","18c7c3e0","381","B","Equivalent_Expressions_1/q_24.jpg","Equivalent Expressions","Advanced Math","MCQ"
"Equivalent Expressions 1","1.25","8f82ad81","381","A","Equivalent_Expressions_1/q_25.jpg","Equivalent Expressions","Advanced Math","MCQ"
"Equivalent Expressions 2","2.1","dd4ab4c4","498","B","Equivalent_Expressions_2/q_01.jpg","Equivalent Expressions","Advanced Math","MCQ"
"Equivalent Expressions 2","2.2","b8caaf84","438","B","Equivalent_Expressions_2/q_02.jpg","Equivalent Expressions","Advanced Math","MCQ"
"Equivalent Expressions 2","2.3","ad2ec615","432","B","Equivalent_Expressions_2/q_03.jpg","Equivalent Expressions","Advanced Math","MCQ"
"Equivalent Expressions 2","2.4","42c71eb5","459","A","Equivalent_Expressions_2/q_04.jpg","Equivalent Expressions","Advanced Math","MCQ"
"Equivalent Expressions 2","2.5","a05bd3a4","450","C","Equivalent_Expressions_2/q_05.jpg","Equivalent Expressions","Advanced Math","MCQ"
"Equivalent Expressions 2","2.6","cc776a04","435","C","Equivalent_Expressions_2/q_06.jpg","Equivalent Expressions","Advanced Math","MCQ"
"Equivalent Expressions 2","2.7","a520ba07","452","B","Equivalent_Expressions_2/q_07.jpg","Equivalent Expressions","Advanced Math","MCQ"
"Equivalent Expressions 2","2.8","5b6af6b1","371","C","Equivalent_Expressions_2/q_08.jpg","Equivalent Expressions","Advanced Math","MCQ"
"Equivalent Expressions 2","2.9","a255ae72","452","B","Equivalent_Expressions_2/q_09.jpg","Equivalent Expressions","Advanced Math","MCQ"
"Equivalent Expressions 2","2.10","463eec13","519","D","Equivalent_Expressions_2/q_10.jpg","Equivalent Expressions","Advanced Math","MCQ"
"Equivalent Expressions 2","2.11","a1bf1c4e","439","B","Equivalent_Expressions_2/q_11.jpg","Equivalent Expressions","Advanced Math","MCQ"
"Equivalent Expressions 2","2.12","f237ccfc","286","32","Equivalent_Expressions_2/q_12.jpg","Equivalent Expressions","Advanced Math","SPR"
"Equivalent Expressions 2","2.13","a391ed22","303","2.5","Equivalent_Expressions_2/q_13.jpg","Equivalent Expressions","Advanced Math","SPR"
"Equivalent Expressions 2","2.14","c3a72da5","432","D","Equivalent_Expressions_2/q_14.jpg","Equivalent Expressions","Advanced Math","MCQ"
"Equivalent Expressions 2","2.15","16de54c7","285","4","Equivalent_Expressions_2/q_15.jpg","Equivalent Expressions","Advanced Math","SPR"
"Equivalent Expressions 2","2.16","d9137a84","374","D","Equivalent_Expressions_2/q_16.jpg","Equivalent Expressions","Advanced Math","MCQ"
"Equivalent Expressions 2","2.17","3e9cc0c2","433","B","Equivalent_Expressions_2/q_17.jpg","Equivalent Expressions","Advanced Math","MCQ"
"Equivalent Expressions 2","2.18","7348f046","497","C","Equivalent_Expressions_2/q_18.jpg","Equivalent Expressions","Advanced Math","MCQ"
"Equivalent Expressions 2","2.19","b47419f4","524","A","Equivalent_Expressions_2/q_19.jpg","Equivalent Expressions","Advanced Math","MCQ"
"Equivalent Expressions 2","2.20","8838a672","457","B","Equivalent_Expressions_2/q_20.jpg","Equivalent Expressions","Advanced Math","MCQ"
"Equivalent Expressions 2","2.21","0b3d25c5","524","D","Equivalent_Expressions_2/q_21.jpg","Equivalent Expressions","Advanced Math","MCQ"
"Equivalent Expressions 2","2.22","c602140f","454","B","Equivalent_Expressions_2/q_22.jpg","Equivalent Expressions","Advanced Math","MCQ"
"Equivalent Expressions 2","2.23","3206b905","396","D","Equivalent_Expressions_2/q_23.jpg","Equivalent Expressions","Advanced Math","MCQ"
"Equivalent Expressions 2","2.24","26eb61c1","373","C","Equivalent_Expressions_2/q_24.jpg","Equivalent Expressions","Advanced Math","MCQ"
"Equivalent Expressions 2","2.25","6d04c89d","371","A","Equivalent_Expressions_2/q_25.jpg","Equivalent Expressions","Advanced Math","MCQ"
"Equivalent Expressions 3","3.1","371cbf6b","427","C","Equivalent_Expressions_3/q_01.jpg","Equivalent Expressions","Advanced Math","MCQ"
"Equivalent Expressions 3","3.2","40c09d66","337","7/6","Equivalent_Expressions_3/q_02.jpg","Equivalent Expressions","Advanced Math","SPR"
"Equivalent Expressions 3","3.3","34847f8a","523","C","Equivalent_Expressions_3/q_03.jpg","Equivalent Expressions","Advanced Math","MCQ"
"Equivalent Expressions 3","3.4","137cc6fd","257","4/225","Equivalent_Expressions_3/q_04.jpg","Equivalent Expressions","Advanced Math","SPR"
"Equivalent Expressions 3","3.5","ea6d05bb","239","-419","Equivalent_Expressions_3/q_05.jpg","Equivalent Expressions","Advanced Math","SPR"
"Equivalent Expressions 3","3.6","d8789a4c","486","A","Equivalent_Expressions_3/q_06.jpg","Equivalent Expressions","Advanced Math","MCQ"
"Equivalent Expressions 3","3.7","5355c0ef","246","0.09","Equivalent_Expressions_3/q_07.jpg","Equivalent Expressions","Advanced Math","SPR"
"Equivalent Expressions 3","3.8","c81b6c57","509","B","Equivalent_Expressions_3/q_08.jpg","Equivalent Expressions","Advanced Math","MCQ"
"Equivalent Expressions 3","3.9","2c88af4d","582","D","Equivalent_Expressions_3/q_09.jpg","Equivalent Expressions","Advanced Math","MCQ"
"Equivalent Expressions 3","3.10","22fd3e1f","595","D","Equivalent_Expressions_3/q_10.jpg","Equivalent Expressions","Advanced Math","MCQ"
"Equivalent Expressions 3","3.11","a0b4103e","433","D","Equivalent_Expressions_3/q_11.jpg","Equivalent Expressions","Advanced Math","MCQ"
"Equivalent Expressions 3","3.12","ad038c19","561","D","Equivalent_Expressions_3/q_12.jpg","Equivalent Expressions","Advanced Math","MCQ"
"Equivalent Expressions 3","3.13","12e7faf8","507","C","Equivalent_Expressions_3/q_13.jpg","Equivalent Expressions","Advanced Math","MCQ"
"Equivalent Expressions 3","3.14","89fc23af","527","D","Equivalent_Expressions_3/q_14.jpg","Equivalent Expressions","Advanced Math","MCQ"
"Equivalent Expressions 3","3.15","911c415b","326","6632","Equivalent_Expressions_3/q_15.jpg","Equivalent Expressions","Advanced Math","SPR"
"Equivalent Expressions 3","3.16","f89e1d6f","444","C","Equivalent_Expressions_3/q_16.jpg","Equivalent Expressions","Advanced Math","MCQ"
"Equivalent Expressions 3","3.17","e117d3b8","441","C","Equivalent_Expressions_3/q_17.jpg","Equivalent Expressions","Advanced Math","MCQ"
"Equivalent Expressions 3","3.18","42f8e4b4","240","8","Equivalent_Expressions_3/q_18.jpg","Equivalent Expressions","Advanced Math","SPR"
"Equivalent Expressions 3","3.19","433184f1","392","D","Equivalent_Expressions_3/q_19.jpg","Equivalent Expressions","Advanced Math","MCQ"
"Equivalent Expressions 3","3.20","c3b116d7","424","B","Equivalent_Expressions_3/q_20.jpg","Equivalent Expressions","Advanced Math","MCQ"
"Evaluating Statistical Claims 1","1.1","9bf4c545","469","D","Evaluating_Statistical_Claims_1/q_01.jpg","Evaluating Statistical Claims","PSDA","MCQ"
"Evaluating Statistical Claims 1","1.2","82dfb646","469","D","Evaluating_Statistical_Claims_1/q_02.jpg","Evaluating Statistical Claims","PSDA","MCQ"
"Evaluating Statistical Claims 2","2.1","37930b2a","515","A","Evaluating_Statistical_Claims_2/q_01.jpg","Evaluating Statistical Claims","PSDA","MCQ"
"Evaluating Statistical Claims 2","2.2","b4f5a7ca","444","C","Evaluating_Statistical_Claims_2/q_02.jpg","Evaluating Statistical Claims","PSDA","MCQ"
"Evaluating Statistical Claims 2","2.3","642519d7","609","A","Evaluating_Statistical_Claims_2/q_03.jpg","Evaluating Statistical Claims","PSDA","MCQ"
"Evaluating Statistical Claims 3","3.1","1ea09200","469","B","Evaluating_Statistical_Claims_3/q_01.jpg","Evaluating Statistical Claims","PSDA","MCQ"
"Evaluating Statistical Claims 3","3.2","7d68096f","686","D","Evaluating_Statistical_Claims_3/q_02.jpg","Evaluating Statistical Claims","PSDA","MCQ"
"Evaluating Statistical Claims 3","3.3","7ce2830a","542","B","Evaluating_Statistical_Claims_3/q_03.jpg","Evaluating Statistical Claims","PSDA","MCQ"
"Evaluating Statistical Claims 3","3.4","aa43b41f","493","B","Evaluating_Statistical_Claims_3/q_04.jpg","Evaluating Statistical Claims","PSDA","MCQ"
"Evaluating Statistical Claims 3","3.5","4a422e3e","518","C","Evaluating_Statistical_Claims_3/q_05.jpg","Evaluating Statistical Claims","PSDA","MCQ"
"Evaluating Statistical Claims 3","3.6","6fca0144","465","D","Evaluating_Statistical_Claims_3/q_06.jpg","Evaluating Statistical Claims","PSDA","MCQ"
"Linear Equations in One Variable 1","1.1","097e10f5","369","A","Linear_Equations_in_One_Variable_1/q_01.jpg","Linear Equations in One Variable","Algebra","MCQ"
"Linear Equations in One Variable 1","1.2","997bec28","242","35","Linear_Equations_in_One_Variable_1/q_02.jpg","Linear Equations in One Variable","Algebra","SPR"
"Linear Equations in One Variable 1","1.3","6ac23de7","444","A","Linear_Equations_in_One_Variable_1/q_03.jpg","Linear Equations in One Variable","Algebra","MCQ"
"Linear Equations in One Variable 1","1.4","7392dfc1","427","D","Linear_Equations_in_One_Variable_1/q_04.jpg","Linear Equations in One Variable","Algebra","MCQ"
"Linear Equations in One Variable 1","1.5","93954cfa","450","A","Linear_Equations_in_One_Variable_1/q_05.jpg","Linear Equations in One Variable","Algebra","MCQ"
"Linear Equations in One Variable 1","1.6","3d04de9c","393","A","Linear_Equations_in_One_Variable_1/q_06.jpg","Linear Equations in One Variable","Algebra","MCQ"
"Linear Equations in One Variable 1","1.7","60f71697","394","A","Linear_Equations_in_One_Variable_1/q_07.jpg","Linear Equations in One Variable","Algebra","MCQ"
"Linear Equations in One Variable 1","1.8","550b352c","428","B","Linear_Equations_in_One_Variable_1/q_08.jpg","Linear Equations in One Variable","Algebra","MCQ"
"Linear Equations in One Variable 1","1.9","ed18c4f7","419","D","Linear_Equations_in_One_Variable_1/q_09.jpg","Linear Equations in One Variable","Algebra","MCQ"
"Linear Equations in One Variable 1","1.10","12255364","418","C","Linear_Equations_in_One_Variable_1/q_10.jpg","Linear Equations in One Variable","Algebra","MCQ"
"Linear Equations in One Variable 1","1.11","d9d83c02","471","D","Linear_Equations_in_One_Variable_1/q_11.jpg","Linear Equations in One Variable","Algebra","MCQ"
"Linear Equations in One Variable 1","1.12","7a987ae4","428","B","Linear_Equations_in_One_Variable_1/q_12.jpg","Linear Equations in One Variable","Algebra","MCQ"
"Linear Equations in One Variable 1","1.13","9ff10b3b","512","C","Linear_Equations_in_One_Variable_1/q_13.jpg","Linear Equations in One Variable","Algebra","MCQ"
"Linear Equations in One Variable 1","1.14","4e77195b","217","480","Linear_Equations_in_One_Variable_1/q_14.jpg","Linear Equations in One Variable","Algebra","SPR"
"Linear Equations in One Variable 1","1.15","4f7981a0","249","24","Linear_Equations_in_One_Variable_1/q_15.jpg","Linear Equations in One Variable","Algebra","SPR"
"Linear Equations in One Variable 1","1.16","46f68129","417","B","Linear_Equations_in_One_Variable_1/q_16.jpg","Linear Equations in One Variable","Algebra","MCQ"
"Linear Equations in One Variable 1","1.17","e53870b6","274","5","Linear_Equations_in_One_Variable_1/q_17.jpg","Linear Equations in One Variable","Algebra","SPR"
"Linear Equations in One Variable 1","1.18","70774aa4","369","D","Linear_Equations_in_One_Variable_1/q_18.jpg","Linear Equations in One Variable","Algebra","MCQ"
"Linear Equations in One Variable 1","1.19","a9c04a21","401","C","Linear_Equations_in_One_Variable_1/q_19.jpg","Linear Equations in One Variable","Algebra","MCQ"
"Linear Equations in One Variable 1","1.20","590f2187","391","B","Linear_Equations_in_One_Variable_1/q_20.jpg","Linear Equations in One Variable","Algebra","MCQ"
"Linear Equations in One Variable 1","1.21","59afe8db","391","A","Linear_Equations_in_One_Variable_1/q_21.jpg","Linear Equations in One Variable","Algebra","MCQ"
"Linear Equations in One Variable 1","1.22","c7d7980e","223","8","Linear_Equations_in_One_Variable_1/q_22.jpg","Linear Equations in One Variable","Algebra","SPR"
"Linear Equations in One Variable 1","1.23","40ba6288","391","B","Linear_Equations_in_One_Variable_1/q_23.jpg","Linear Equations in One Variable","Algebra","MCQ"
"Linear Equations in One Variable 1","1.24","87071893","242","55","Linear_Equations_in_One_Variable_1/q_24.jpg","Linear Equations in One Variable","Algebra","SPR"
"Linear Equations in One Variable 1","1.25","3c4ce699","217","27","Linear_Equations_in_One_Variable_1/q_25.jpg","Linear Equations in One Variable","Algebra","SPR"
"Linear Equations in One Variable 1","1.26","4de87c9a","370","D","Linear_Equations_in_One_Variable_1/q_26.jpg","Linear Equations in One Variable","Algebra","MCQ"
"Linear Equations in One Variable 1","1.27","8339793c","266","10","Linear_Equations_in_One_Variable_1/q_27.jpg","Linear Equations in One Variable","Algebra","SPR"
"Linear Equations in One Variable 1","1.28","2f0a43b2","222","0.2","Linear_Equations_in_One_Variable_1/q_28.jpg","Linear Equations in One Variable","Algebra","SPR"
"Linear Equations in One Variable 1","1.29","4f8bd093","381","D","Linear_Equations_in_One_Variable_1/q_29.jpg","Linear Equations in One Variable","Algebra","MCQ"
"Linear Equations in One Variable 1","1.30","9b886541","381","D","Linear_Equations_in_One_Variable_1/q_30.jpg","Linear Equations in One Variable","Algebra","MCQ"
"Linear Equations in One Variable 2","2.1","7a5a74a6","578","B","Linear_Equations_in_One_Variable_2/q_01.jpg","Linear Equations in One Variable","Algebra","MCQ"
"Linear Equations in One Variable 2","2.2","aa85b138","478","B","Linear_Equations_in_One_Variable_2/q_02.jpg","Linear Equations in One Variable","Algebra","MCQ"
"Linear Equations in One Variable 2","2.3","15daa8d6","242","2","Linear_Equations_in_One_Variable_2/q_03.jpg","Linear Equations in One Variable","Algebra","SPR"
"Linear Equations in One Variable 2","2.4","12ee1edc","425","A","Linear_Equations_in_One_Variable_2/q_04.jpg","Linear Equations in One Variable","Algebra","MCQ"
"Linear Equations in One Variable 2","2.5","70e29454","452","B","Linear_Equations_in_One_Variable_2/q_05.jpg","Linear Equations in One Variable","Algebra","MCQ"
"Linear Equations in One Variable 2","2.6","f09097b1","364","22.4","Linear_Equations_in_One_Variable_2/q_06.jpg","Linear Equations in One Variable","Algebra","SPR"
"Linear Equations in One Variable 2","2.7","4f669597","274","1.2","Linear_Equations_in_One_Variable_2/q_07.jpg","Linear Equations in One Variable","Algebra","SPR"
"Linear Equations in One Variable 2","2.8","ce314070","489","D","Linear_Equations_in_One_Variable_2/q_08.jpg","Linear Equations in One Variable","Algebra","MCQ"
"Linear Equations in One Variable 2","2.9","36ab4122","443","B","Linear_Equations_in_One_Variable_2/q_09.jpg","Linear Equations in One Variable","Algebra","MCQ"
"Linear Equations in One Variable 2","2.10","5ad9eff0","444","B","Linear_Equations_in_One_Variable_2/q_10.jpg","Linear Equations in One Variable","Algebra","MCQ"
"Linear Equations in One Variable 2","2.11","45bba652","409","A","Linear_Equations_in_One_Variable_2/q_11.jpg","Linear Equations in One Variable","Algebra","MCQ"
"Linear Equations in One Variable 2","2.12","eafdbbbd","395","C","Linear_Equations_in_One_Variable_2/q_12.jpg","Linear Equations in One Variable","Algebra","MCQ"
"Linear Equations in One Variable 2","2.13","8c515062","393","D","Linear_Equations_in_One_Variable_2/q_13.jpg","Linear Equations in One Variable","Algebra","MCQ"
"Linear Equations in One Variable 2","2.14","ce6b52d8","218","60","Linear_Equations_in_One_Variable_2/q_14.jpg","Linear Equations in One Variable","Algebra","SPR"
"Linear Equations in One Variable 2","2.15","620abf36","369","C","Linear_Equations_in_One_Variable_2/q_15.jpg","Linear Equations in One Variable","Algebra","MCQ"
"Linear Equations in One Variable 2","2.16","76f29fa5","437","C","Linear_Equations_in_One_Variable_2/q_16.jpg","Linear Equations in One Variable","Algebra","MCQ"
"Linear Equations in One Variable 2","2.17","feb78194","270","37","Linear_Equations_in_One_Variable_2/q_17.jpg","Linear Equations in One Variable","Algebra","SPR"
"Linear Equations in One Variable 2","2.18","018a2704","381","C","Linear_Equations_in_One_Variable_2/q_18.jpg","Linear Equations in One Variable","Algebra","MCQ"
"Linear Equations in One Variable 2","2.19","9d4270fe","499","A","Linear_Equations_in_One_Variable_2/q_19.jpg","Linear Equations in One Variable","Algebra","MCQ"
"Linear Equations in One Variable 3","3.1","2937ef4f","491","D","Linear_Equations_in_One_Variable_3/q_01.jpg","Linear Equations in One Variable","Algebra","MCQ"
"Linear Equations in One Variable 3","3.2","b7e6394d","562","D","Linear_Equations_in_One_Variable_3/q_02.jpg","Linear Equations in One Variable","Algebra","MCQ"
"Linear Equations in One Variable 3","3.3","e6cb2402","243","16/17","Linear_Equations_in_One_Variable_3/q_03.jpg","Linear Equations in One Variable","Algebra","SPR"
"Linear Equations in One Variable 3","3.4","ae2287e2","542","A","Linear_Equations_in_One_Variable_3/q_04.jpg","Linear Equations in One Variable","Algebra","MCQ"
"Linear Equations in One Variable 3","3.5","771bd0ca","242","-22","Linear_Equations_in_One_Variable_3/q_05.jpg","Linear Equations in One Variable","Algebra","SPR"
"Linear Equations in One Variable 3","3.6","90095507","1022","B","Linear_Equations_in_One_Variable_3/q_06.jpg","Linear Equations in One Variable","Algebra","MCQ"
"Linear Equations in One Variable 3","3.7","0cb57740","421","B","Linear_Equations_in_One_Variable_3/q_07.jpg","Linear Equations in One Variable","Algebra","MCQ"
"Linear Equations in One Variable 3","3.8","aee9fd2d","370","B","Linear_Equations_in_One_Variable_3/q_08.jpg","Linear Equations in One Variable","Algebra","MCQ"
"Linear Equations in One Variable 3","3.9","3f8a701b","520","D","Linear_Equations_in_One_Variable_3/q_09.jpg","Linear Equations in One Variable","Algebra","MCQ"
"Linear Equations in One Variable 3","3.10","628300a9","542","C","Linear_Equations_in_One_Variable_3/q_10.jpg","Linear Equations in One Variable","Algebra","MCQ"
"Linear Equations in One Variable 3","3.11","38bf4e04","442","D","Linear_Equations_in_One_Variable_3/q_11.jpg","Linear Equations in One Variable","Algebra","MCQ"
"Linear Equations in One Variable 3","3.12","25e1cfed","368","C","Linear_Equations_in_One_Variable_3/q_12.jpg","Linear Equations in One Variable","Algebra","MCQ"
"Linear Equations in One Variable 3","3.13","f5ff91b2","382","B","Linear_Equations_in_One_Variable_3/q_13.jpg","Linear Equations in One Variable","Algebra","MCQ"
"Linear Equations in One Variable 3","3.14","429fb7c0","218","-49/150","Linear_Equations_in_One_Variable_3/q_14.jpg","Linear Equations in One Variable","Algebra","SPR"
"Linear Equations in One Variable 3","3.15","f14484a5","499","D","Linear_Equations_in_One_Variable_3/q_15.jpg","Linear Equations in One Variable","Algebra","MCQ"
"Linear Equations in One Variable 3","3.16","ac472881","243","403","Linear_Equations_in_One_Variable_3/q_16.jpg","Linear Equations in One Variable","Algebra","SPR"
"Linear Equations in Two Variables 1","1.1","ee846db7","442","A","Linear_Equations_in_Two_Variables_1/q_01.jpg","Linear Equations in Two Variables","Algebra","MCQ"
"Linear Equations in Two Variables 1","1.2","5b8a8475","378","A","Linear_Equations_in_Two_Variables_1/q_02.jpg","Linear Equations in Two Variables","Algebra","MCQ"
"Linear Equations in Two Variables 1","1.3","b23bba4c","499","B","Linear_Equations_in_Two_Variables_1/q_03.jpg","Linear Equations in Two Variables","Algebra","MCQ"
"Linear Equations in Two Variables 1","1.4","87322577","452","C","Linear_Equations_in_Two_Variables_1/q_04.jpg","Linear Equations in Two Variables","Algebra","MCQ"
"Linear Equations in Two Variables 1","1.5","c6b151d4","445","A","Linear_Equations_in_Two_Variables_1/q_05.jpg","Linear Equations in Two Variables","Algebra","MCQ"
"Linear Equations in Two Variables 1","1.6","8c98c834","450","B","Linear_Equations_in_Two_Variables_1/q_06.jpg","Linear Equations in Two Variables","Algebra","MCQ"
"Linear Equations in Two Variables 1","1.7","b2845d88","570","A","Linear_Equations_in_Two_Variables_1/q_07.jpg","Linear Equations in Two Variables","Algebra","MCQ"
"Linear Equations in Two Variables 1","1.8","b450ab03","421","B","Linear_Equations_in_Two_Variables_1/q_08.jpg","Linear Equations in Two Variables","Algebra","MCQ"
"Linear Equations in Two Variables 1","1.9","8368afd1","860","B","Linear_Equations_in_Two_Variables_1/q_09.jpg","Linear Equations in Two Variables","Algebra","MCQ"
"Linear Equations in Two Variables 1","1.10","8adf1335","472","B","Linear_Equations_in_Two_Variables_1/q_10.jpg","Linear Equations in Two Variables","Algebra","MCQ"
"Linear Equations in Two Variables 1","1.11","dd797fe2","452","C","Linear_Equations_in_Two_Variables_1/q_11.jpg","Linear Equations in Two Variables","Algebra","MCQ"
"Linear Equations in Two Variables 1","1.12","789975b7","521","B","Linear_Equations_in_Two_Variables_1/q_12.jpg","Linear Equations in Two Variables","Algebra","MCQ"
"Linear Equations in Two Variables 1","1.13","2554b413","431","A","Linear_Equations_in_Two_Variables_1/q_13.jpg","Linear Equations in Two Variables","Algebra","MCQ"
"Linear Equations in Two Variables 1","1.14","52a8ef85","394","B","Linear_Equations_in_Two_Variables_1/q_14.jpg","Linear Equations in Two Variables","Algebra","MCQ"
"Linear Equations in Two Variables 1","1.15","dfa45424","496","D","Linear_Equations_in_Two_Variables_1/q_15.jpg","Linear Equations in Two Variables","Algebra","MCQ"
"Linear Equations in Two Variables 1","1.16","520e6f5b","860","A","Linear_Equations_in_Two_Variables_1/q_16.jpg","Linear Equations in Two Variables","Algebra","MCQ"
"Linear Equations in Two Variables 1","1.17","b2de69bd","628","A","Linear_Equations_in_Two_Variables_1/q_17.jpg","Linear Equations in Two Variables","Algebra","MCQ"
"Linear Equations in Two Variables 1","1.18","c5479c1a","393","D","Linear_Equations_in_Two_Variables_1/q_18.jpg","Linear Equations in Two Variables","Algebra","MCQ"
"Linear Equations in Two Variables 1","1.19","1efd8202","916","A","Linear_Equations_in_Two_Variables_1/q_19.jpg","Linear Equations in Two Variables","Algebra","MCQ"
"Linear Equations in Two Variables 1","1.20","b9839f9e","502","B","Linear_Equations_in_Two_Variables_1/q_20.jpg","Linear Equations in Two Variables","Algebra","MCQ"
"Linear Equations in Two Variables 1","1.21","f40552a9","802","D","Linear_Equations_in_Two_Variables_1/q_21.jpg","Linear Equations in Two Variables","Algebra","MCQ"
"Linear Equations in Two Variables 1","1.22","12ae3452","242","14","Linear_Equations_in_Two_Variables_1/q_22.jpg","Linear Equations in Two Variables","Algebra","SPR"
"Linear Equations in Two Variables 1","1.23","8b2a2a63","219","-32","Linear_Equations_in_Two_Variables_1/q_23.jpg","Linear Equations in Two Variables","Algebra","SPR"
"Linear Equations in Two Variables 1","1.24","8da536c6","488","C","Linear_Equations_in_Two_Variables_1/q_24.jpg","Linear Equations in Two Variables","Algebra","MCQ"
"Linear Equations in Two Variables 1","1.25","8a1544f1","662","B","Linear_Equations_in_Two_Variables_1/q_25.jpg","Linear Equations in Two Variables","Algebra","MCQ"
"Linear Equations in Two Variables 1","1.26","535fa6e6","418","D","Linear_Equations_in_Two_Variables_1/q_26.jpg","Linear Equations in Two Variables","Algebra","MCQ"
"Linear Equations in Two Variables 1","1.27","39571c77","414","A","Linear_Equations_in_Two_Variables_1/q_27.jpg","Linear Equations in Two Variables","Algebra","MCQ"
"Linear Equations in Two Variables 1","1.28","1fe778dc","397","B","Linear_Equations_in_Two_Variables_1/q_28.jpg","Linear Equations in Two Variables","Algebra","MCQ"
"Linear Equations in Two Variables 1","1.29","6a12efbb","246","15","Linear_Equations_in_Two_Variables_1/q_29.jpg","Linear Equations in Two Variables","Algebra","SPR"
"Linear Equations in Two Variables 1","1.30","d1042cf8","419","D","Linear_Equations_in_Two_Variables_1/q_30.jpg","Linear Equations in Two Variables","Algebra","MCQ"
"Linear Equations in Two Variables 1","1.31","029c2dc2","421","D","Linear_Equations_in_Two_Variables_1/q_31.jpg","Linear Equations in Two Variables","Algebra","MCQ"
"Linear Equations in Two Variables 1","1.32","39617468","499","C","Linear_Equations_in_Two_Variables_1/q_32.jpg","Linear Equations in Two Variables","Algebra","MCQ"
"Linear Equations in Two Variables 1","1.33","cea27ab2","629","A","Linear_Equations_in_Two_Variables_1/q_33.jpg","Linear Equations in Two Variables","Algebra","MCQ"
"Linear Equations in Two Variables 1","1.34","4d8ccb96","437","B","Linear_Equations_in_Two_Variables_1/q_34.jpg","Linear Equations in Two Variables","Algebra","MCQ"
"Linear Equations in Two Variables 2","2.1","002dba45","220","3/17","Linear_Equations_in_Two_Variables_2/q_01.jpg","Linear Equations in Two Variables","Algebra","SPR"
"Linear Equations in Two Variables 2","2.2","9c7741c6","329","3","Linear_Equations_in_Two_Variables_2/q_02.jpg","Linear Equations in Two Variables","Algebra","SPR"
"Linear Equations in Two Variables 2","2.3","d62ad380","651","C","Linear_Equations_in_Two_Variables_2/q_03.jpg","Linear Equations in Two Variables","Algebra","MCQ"
"Linear Equations in Two Variables 2","2.4","431c3038","466","D","Linear_Equations_in_Two_Variables_2/q_04.jpg","Linear Equations in Two Variables","Algebra","MCQ"
"Linear Equations in Two Variables 2","2.5","265f2a53","404","C","Linear_Equations_in_Two_Variables_2/q_05.jpg","Linear Equations in Two Variables","Algebra","MCQ"
"Linear Equations in Two Variables 2","2.6","f81a0503","374","D","Linear_Equations_in_Two_Variables_2/q_06.jpg","Linear Equations in Two Variables","Algebra","MCQ"
"Linear Equations in Two Variables 2","2.7","28c2253f","883","C","Linear_Equations_in_Two_Variables_2/q_07.jpg","Linear Equations in Two Variables","Algebra","MCQ"
"Linear Equations in Two Variables 2","2.8","2e1a7f66","420","A","Linear_Equations_in_Two_Variables_2/q_08.jpg","Linear Equations in Two Variables","Algebra","MCQ"
"Linear Equations in Two Variables 2","2.9","6f6dfe3e","554","A","Linear_Equations_in_Two_Variables_2/q_09.jpg","Linear Equations in Two Variables","Algebra","MCQ"
"Linear Equations in Two Variables 2","2.10","9ed4c1a2","220","13.75","Linear_Equations_in_Two_Variables_2/q_10.jpg","Linear Equations in Two Variables","Algebra","SPR"
"Linear Equations in Two Variables 2","2.11","fb43b85f","219","18/11","Linear_Equations_in_Two_Variables_2/q_11.jpg","Linear Equations in Two Variables","Algebra","SPR"
"Linear Equations in Two Variables 2","2.12","400798d6","447","C","Linear_Equations_in_Two_Variables_2/q_12.jpg","Linear Equations in Two Variables","Algebra","MCQ"
"Linear Equations in Two Variables 2","2.13","ca452900","226","5/13","Linear_Equations_in_Two_Variables_2/q_13.jpg","Linear Equations in Two Variables","Algebra","SPR"
"Linear Equations in Two Variables 2","2.14","62ef6f73","442","C","Linear_Equations_in_Two_Variables_2/q_14.jpg","Linear Equations in Two Variables","Algebra","MCQ"
"Linear Equations in Two Variables 2","2.15","637022d2","442","A","Linear_Equations_in_Two_Variables_2/q_15.jpg","Linear Equations in Two Variables","Algebra","MCQ"
"Linear Equations in Two Variables 2","2.16","c307283c","800","C","Linear_Equations_in_Two_Variables_2/q_16.jpg","Linear Equations in Two Variables","Algebra","MCQ"
"Linear Equations in Two Variables 2","2.17","00b9bd37","710","B","Linear_Equations_in_Two_Variables_2/q_17.jpg","Linear Equations in Two Variables","Algebra","MCQ"
"Linear Equations in Two Variables 2","2.18","c39dbbdf","381","B","Linear_Equations_in_Two_Variables_2/q_18.jpg","Linear Equations in Two Variables","Algebra","MCQ"
"Linear Equations in Two Variables 2","2.19","0d1b1e35","437","A","Linear_Equations_in_Two_Variables_2/q_19.jpg","Linear Equations in Two Variables","Algebra","MCQ"
"Linear Equations in Two Variables 2","2.20","df78b361","410","C","Linear_Equations_in_Two_Variables_2/q_20.jpg","Linear Equations in Two Variables","Algebra","MCQ"
"Linear Equations in Two Variables 2","2.21","606cdce7","651","A","Linear_Equations_in_Two_Variables_2/q_21.jpg","Linear Equations in Two Variables","Algebra","MCQ"
"Linear Equations in Two Variables 2","2.22","7625073d","243","49","Linear_Equations_in_Two_Variables_2/q_22.jpg","Linear Equations in Two Variables","Algebra","SPR"
"Linear Equations in Two Variables 2","2.23","3c03cbd8","480","A","Linear_Equations_in_Two_Variables_2/q_23.jpg","Linear Equations in Two Variables","Algebra","MCQ"
"Linear Equations in Two Variables 2","2.24","1087f6c4","328","0.25","Linear_Equations_in_Two_Variables_2/q_24.jpg","Linear Equations in Two Variables","Algebra","SPR"
"Linear Equations in Two Variables 2","2.25","9b0a4eae","860","C","Linear_Equations_in_Two_Variables_2/q_25.jpg","Linear Equations in Two Variables","Algebra","MCQ"
"Linear Equations in Two Variables 3","3.1","3cdbf026","504","A","Linear_Equations_in_Two_Variables_3/q_01.jpg","Linear Equations in Two Variables","Algebra","MCQ"
"Linear Equations in Two Variables 3","3.2","fdee0fbf","280","74","Linear_Equations_in_Two_Variables_3/q_02.jpg","Linear Equations in Two Variables","Algebra","SPR"
"Linear Equations in Two Variables 3","3.3","0b46bad5","752","C","Linear_Equations_in_Two_Variables_3/q_03.jpg","Linear Equations in Two Variables","Algebra","MCQ"
"Linear Equations in Two Variables 3","3.4","c362c210","568","1.5","Linear_Equations_in_Two_Variables_3/q_04.jpg","Linear Equations in Two Variables","Algebra","SPR"
"Linear Equations in Two Variables 3","3.5","98d3393a","497","A","Linear_Equations_in_Two_Variables_3/q_05.jpg","Linear Equations in Two Variables","Algebra","MCQ"
"Linear Equations in Two Variables 3","3.6","0366d965","420","30","Linear_Equations_in_Two_Variables_3/q_06.jpg","Linear Equations in Two Variables","Algebra","SPR"
"Linear Equations in Two Variables 3","3.7","c4ea43ef","615","B","Linear_Equations_in_Two_Variables_3/q_07.jpg","Linear Equations in Two Variables","Algebra","MCQ"
"Linear Equations in Two Variables 3","3.8","cb58833c","268","1.25","Linear_Equations_in_Two_Variables_3/q_08.jpg","Linear Equations in Two Variables","Algebra","SPR"
"Linear Equations in Two Variables 3","3.9","a7a14e87","464","D","Linear_Equations_in_Two_Variables_3/q_09.jpg","Linear Equations in Two Variables","Algebra","MCQ"
"Linear Equations in Two Variables 3","3.10","a1fd2304","239","1.5","Linear_Equations_in_Two_Variables_3/q_10.jpg","Linear Equations in Two Variables","Algebra","SPR"
"Linear Equations in Two Variables 3","3.11","49800634","543","D","Linear_Equations_in_Two_Variables_3/q_11.jpg","Linear Equations in Two Variables","Algebra","MCQ"
"Linear Equations in Two Variables 3","3.12","5b7599a6","926","C","Linear_Equations_in_Two_Variables_3/q_12.jpg","Linear Equations in Two Variables","Algebra","MCQ"
"Linear Equations in Two Variables 3","3.13","184ce5aa","397","D","Linear_Equations_in_Two_Variables_3/q_13.jpg","Linear Equations in Two Variables","Algebra","MCQ"
"Linear Equations in Two Variables 3","3.14","d0e614a6","933","D","Linear_Equations_in_Two_Variables_3/q_14.jpg","Linear Equations in Two Variables","Algebra","MCQ"
"Linear Equations in Two Variables 3","3.15","9bbce683","557","D","Linear_Equations_in_Two_Variables_3/q_15.jpg","Linear Equations in Two Variables","Algebra","MCQ"
"Linear Equations in Two Variables 3","3.16","2d54c272","290","40","Linear_Equations_in_Two_Variables_3/q_16.jpg","Linear Equations in Two Variables","Algebra","SPR"
"Linear Equations in Two Variables 3","3.17","b9835972","243","24","Linear_Equations_in_Two_Variables_3/q_17.jpg","Linear Equations in Two Variables","Algebra","SPR"
"Linear Equations in Two Variables 3","3.18","94b48cbf","403","D","Linear_Equations_in_Two_Variables_3/q_18.jpg","Linear Equations in Two Variables","Algebra","MCQ"
"Linear Equations in Two Variables 3","3.19","05bb1af9","805","A","Linear_Equations_in_Two_Variables_3/q_19.jpg","Linear Equations in Two Variables","Algebra","MCQ"
"Linear Equations in Two Variables 3","3.20","abcd0004","631","B","Linear_Equations_in_Two_Variables_3/q_20.jpg","Linear Equations in Two Variables","Algebra","MCQ"
"Linear Equations in Two Variables 3","3.21","db422e7f","218","0.5","Linear_Equations_in_Two_Variables_3/q_21.jpg","Linear Equations in Two Variables","Algebra","SPR"
"Linear Equations in Two Variables 3","3.22","6d8ad460","700","1.2","Linear_Equations_in_Two_Variables_3/q_22.jpg","Linear Equations in Two Variables","Algebra","SPR"
"Linear Functions 1","1.1","84664a7c","528","A","Linear_Functions_1/q_01.jpg","Linear Functions","Algebra","MCQ"
"Linear Functions 1","1.2","06fc1726","470","C","Linear_Functions_1/q_02.jpg","Linear Functions","Algebra","MCQ"
"Linear Functions 1","1.3","6863c7ce","424","C","Linear_Functions_1/q_03.jpg","Linear Functions","Algebra","MCQ"
"Linear Functions 1","1.4","bf36c815","436","D","Linear_Functions_1/q_04.jpg","Linear Functions","Algebra","MCQ"
"Linear Functions 1","1.5","3f5375d9","671","A","Linear_Functions_1/q_05.jpg","Linear Functions","Algebra","MCQ"
"Linear Functions 1","1.6","13294295","836","B","Linear_Functions_1/q_06.jpg","Linear Functions","Algebra","MCQ"
"Linear Functions 1","1.7","12983c1e","497","C","Linear_Functions_1/q_07.jpg","Linear Functions","Algebra","MCQ"
"Linear Functions 1","1.8","f79fffba","369","A","Linear_Functions_1/q_08.jpg","Linear Functions","Algebra","MCQ"
"Linear Functions 1","1.9","3462d850","452","C","Linear_Functions_1/q_09.jpg","Linear Functions","Algebra","MCQ"
"Linear Functions 1","1.10","255996a6","502","B","Linear_Functions_1/q_10.jpg","Linear Functions","Algebra","MCQ"
"Linear Functions 1","1.11","a1696f3e","436","C","Linear_Functions_1/q_11.jpg","Linear Functions","Algebra","MCQ"
"Linear Functions 1","1.12","13909d78","369","D","Linear_Functions_1/q_12.jpg","Linear Functions","Algebra","MCQ"
"Linear Functions 1","1.13","de6fe450","476","C","Linear_Functions_1/q_13.jpg","Linear Functions","Algebra","MCQ"
"Linear Functions 1","1.14","cee5b352","421","D","Linear_Functions_1/q_14.jpg","Linear Functions","Algebra","MCQ"
"Linear Functions 1","1.15","81390d6c","372","B","Linear_Functions_1/q_15.jpg","Linear Functions","Algebra","MCQ"
"Linear Functions 1","1.16","2eef7e61","538","B","Linear_Functions_1/q_16.jpg","Linear Functions","Algebra","MCQ"
"Linear Functions 1","1.17","0ea7ef01","862","C","Linear_Functions_1/q_17.jpg","Linear Functions","Algebra","MCQ"
"Linear Functions 1","1.18","1ecaa9c0","443","A","Linear_Functions_1/q_18.jpg","Linear Functions","Algebra","MCQ"
"Linear Functions 1","1.19","8643d906","493","C","Linear_Functions_1/q_19.jpg","Linear Functions","Algebra","MCQ"
"Linear Functions 1","1.20","a8e6bd75","1091","D","Linear_Functions_1/q_20.jpg","Linear Functions","Algebra","MCQ"
"Linear Functions 1","1.21","fe6f9678","395","C","Linear_Functions_1/q_21.jpg","Linear Functions","Algebra","MCQ"
"Linear Functions 1","1.22","930c2990","948","C","Linear_Functions_1/q_22.jpg","Linear Functions","Algebra","MCQ"
"Linear Functions 1","1.23","d11910d6","875","C","Linear_Functions_1/q_23.jpg","Linear Functions","Algebra","MCQ"
"Linear Functions 1","1.24","fe287f7e","419","C","Linear_Functions_1/q_24.jpg","Linear Functions","Algebra","MCQ"
"Linear Functions 1","1.25","4702da8f","391","B","Linear_Functions_1/q_25.jpg","Linear Functions","Algebra","MCQ"
"Linear Functions 1","1.26","b51c173d","419","D","Linear_Functions_1/q_26.jpg","Linear Functions","Algebra","MCQ"
"Linear Functions 1","1.27","27198699","443","A","Linear_Functions_1/q_27.jpg","Linear Functions","Algebra","MCQ"
"Linear Functions 1","1.28","0d6ab461","415","D","Linear_Functions_1/q_28.jpg","Linear Functions","Algebra","MCQ"
"Linear Functions 1","1.29","6efcc0a3","372","A","Linear_Functions_1/q_29.jpg","Linear Functions","Algebra","MCQ"
"Linear Functions 1","1.30","a73a5c22","369","D","Linear_Functions_1/q_30.jpg","Linear Functions","Algebra","MCQ"
"Linear Functions 1","1.31","0eae6be1","374","D","Linear_Functions_1/q_31.jpg","Linear Functions","Algebra","MCQ"
"Linear Functions 1","1.32","a9039591","552","A","Linear_Functions_1/q_32.jpg","Linear Functions","Algebra","MCQ"
"Linear Functions 1","1.33","a4d6fbec","218","50","Linear_Functions_1/q_33.jpg","Linear Functions","Algebra","SPR"
"Linear Functions 1","1.34","a396ed75","398","D","Linear_Functions_1/q_34.jpg","Linear Functions","Algebra","MCQ"
"Linear Functions 1","1.35","1993561d","413","A","Linear_Functions_1/q_35.jpg","Linear Functions","Algebra","MCQ"
"Linear Functions 1","1.36","97eab129","600","B","Linear_Functions_1/q_36.jpg","Linear Functions","Algebra","MCQ"
"Linear Functions 1","1.37","9d9fe1e6","474","A","Linear_Functions_1/q_37.jpg","Linear Functions","Algebra","MCQ"
"Linear Functions 1","1.38","7b17f86a","223","1","Linear_Functions_1/q_38.jpg","Linear Functions","Algebra","SPR"
"Linear Functions 1","1.39","7fac16fb","221","69","Linear_Functions_1/q_39.jpg","Linear Functions","Algebra","SPR"
"Linear Functions 2","2.1","e62cfe5f","291","2.6","Linear_Functions_2/q_01.jpg","Linear Functions","Algebra","SPR"
"Linear Functions 2","2.2","7e3f8363","397","C","Linear_Functions_2/q_02.jpg","Linear Functions","Algebra","MCQ"
"Linear Functions 2","2.3","620fe971","478","A","Linear_Functions_2/q_03.jpg","Linear Functions","Algebra","MCQ"
"Linear Functions 2","2.4","5cf1bbc9","799","A","Linear_Functions_2/q_04.jpg","Linear Functions","Algebra","MCQ"
"Linear Functions 2","2.5","dae126d7","539","D","Linear_Functions_2/q_05.jpg","Linear Functions","Algebra","MCQ"
"Linear Functions 2","2.6","271f7e3f","573","B","Linear_Functions_2/q_06.jpg","Linear Functions","Algebra","MCQ"
"Linear Functions 2","2.7","c651cc56","486","B","Linear_Functions_2/q_07.jpg","Linear Functions","Algebra","MCQ"
"Linear Functions 2","2.8","c22b5f25","480","C","Linear_Functions_2/q_08.jpg","Linear Functions","Algebra","MCQ"
"Linear Functions 2","2.9","11e1ab81","633","A","Linear_Functions_2/q_09.jpg","Linear Functions","Algebra","MCQ"
"Linear Functions 2","2.10","4fe4fd7c","370","3500","Linear_Functions_2/q_10.jpg","Linear Functions","Algebra","SPR"
"Linear Functions 2","2.11","3122fc7b","263","257","Linear_Functions_2/q_11.jpg","Linear Functions","Algebra","SPR"
"Linear Functions 2","2.12","c01f4a95","243","39","Linear_Functions_2/q_12.jpg","Linear Functions","Algebra","SPR"
"Linear Functions 2","2.13","868fc236","588","B","Linear_Functions_2/q_13.jpg","Linear Functions","Algebra","MCQ"
"Linear Functions 2","2.14","042aa429","369","C","Linear_Functions_2/q_14.jpg","Linear Functions","Algebra","MCQ"
"Linear Functions 2","2.15","113b938e","575","C","Linear_Functions_2/q_15.jpg","Linear Functions","Algebra","MCQ"
"Linear Functions 2","2.16","441558e7","442","A","Linear_Functions_2/q_16.jpg","Linear Functions","Algebra","MCQ"
"Linear Functions 2","2.17","8a6de407","250","2","Linear_Functions_2/q_17.jpg","Linear Functions","Algebra","SPR"
"Linear Functions 2","2.18","41fdc0b8","530","A","Linear_Functions_2/q_18.jpg","Linear Functions","Algebra","MCQ"
"Linear Functions 2","2.19","1c29bfd1","441","A","Linear_Functions_2/q_19.jpg","Linear Functions","Algebra","MCQ"
"Linear Functions 2","2.20","295a41f0","875","B","Linear_Functions_2/q_20.jpg","Linear Functions","Algebra","MCQ"
"Linear Functions 2","2.21","2f34cd1c","441","B","Linear_Functions_2/q_21.jpg","Linear Functions","Algebra","MCQ"
"Linear Functions 2","2.22","f0773a55","831","A","Linear_Functions_2/q_22.jpg","Linear Functions","Algebra","MCQ"
"Linear Functions 2","2.23","23dedddd","372","D","Linear_Functions_2/q_23.jpg","Linear Functions","Algebra","MCQ"
"Linear Functions 2","2.24","a775af14","397","C","Linear_Functions_2/q_24.jpg","Linear Functions","Algebra","MCQ"
"Linear Functions 2","2.25","b2fe7ab6","611","D","Linear_Functions_2/q_25.jpg","Linear Functions","Algebra","MCQ"
"Linear Functions 2","2.26","a91a2b75","243","9","Linear_Functions_2/q_26.jpg","Linear Functions","Algebra","SPR"
"Linear Functions 2","2.27","af711d1b","611","C","Linear_Functions_2/q_27.jpg","Linear Functions","Algebra","MCQ"
"Linear Functions 2","2.28","17d80dc3","219","7","Linear_Functions_2/q_28.jpg","Linear Functions","Algebra","SPR"
"Linear Functions 3","3.1","2b15d65f","469","A","Linear_Functions_3/q_01.jpg","Linear Functions","Algebra","MCQ"
"Linear Functions 3","3.2","be9cb6a2","421","D","Linear_Functions_3/q_02.jpg","Linear Functions","Algebra","MCQ"
"Linear Functions 3","3.3","b988eeec","244","-12","Linear_Functions_3/q_03.jpg","Linear Functions","Algebra","SPR"
"Linear Functions 3","3.4","af2ba762","485","D","Linear_Functions_3/q_04.jpg","Linear Functions","Algebra","MCQ"
"Linear Functions 3","3.5","16889ef3","538","C","Linear_Functions_3/q_05.jpg","Linear Functions","Algebra","MCQ"
"Linear Functions 3","3.6","6989c80a","419","A","Linear_Functions_3/q_06.jpg","Linear Functions","Algebra","MCQ"
"Linear Functions 3","3.7","78391fcc","613","B","Linear_Functions_3/q_07.jpg","Linear Functions","Algebra","MCQ"
"Linear Functions 3","3.8","a04050d8","682","B","Linear_Functions_3/q_08.jpg","Linear Functions","Algebra","MCQ"
"Linear Functions 3","3.9","daad7c32","486","D","Linear_Functions_3/q_09.jpg","Linear Functions","Algebra","MCQ"
"Linear Functions 3","3.10","023c0a8d","436","B","Linear_Functions_3/q_10.jpg","Linear Functions","Algebra","MCQ"
"Linear Functions 3","3.11","50f4cb9c","548","D","Linear_Functions_3/q_11.jpg","Linear Functions","Algebra","MCQ"
"Linear Functions 3","3.12","bbf9e5ce","421","A","Linear_Functions_3/q_12.jpg","Linear Functions","Algebra","MCQ"
"Linear Functions 3","3.13","b3abf40f","419","A","Linear_Functions_3/q_13.jpg","Linear Functions","Algebra","MCQ"
"Linear Functions 3","3.14","abcd0008","604","A","Linear_Functions_3/q_14.jpg","Linear Functions","Algebra","MCQ"
"Linear Functions 3","3.15","a309803e","395","A","Linear_Functions_3/q_15.jpg","Linear Functions","Algebra","MCQ"
"Linear Functions 3","3.16","0bd33265","272","515","Linear_Functions_3/q_16.jpg","Linear Functions","Algebra","SPR"
"Linear Functions 3","3.17","a7e2859a","411","A","Linear_Functions_3/q_17.jpg","Linear Functions","Algebra","MCQ"
"Linear Functions 3","3.18","0b0fa68b","219","2/43","Linear_Functions_3/q_18.jpg","Linear Functions","Algebra","SPR"
"Linear Functions 3","3.19","e25f0807","369","16.25","Linear_Functions_3/q_19.jpg","Linear Functions","Algebra","SPR"
"Linear Inequalities 1","1.1","2c121b25","506","A","Linear_Inequalities_1/q_01.jpg","Linear Inequalities","Algebra","MCQ"
"Linear Inequalities 1","1.2","ee439cff","446","B","Linear_Inequalities_1/q_02.jpg","Linear Inequalities","Algebra","MCQ"
"Linear Inequalities 1","1.3","563407e5","417","B","Linear_Inequalities_1/q_03.jpg","Linear Inequalities","Algebra","MCQ"
"Linear Inequalities 1","1.4","df32b09c","486","C","Linear_Inequalities_1/q_04.jpg","Linear Inequalities","Algebra","MCQ"
"Linear Inequalities 1","1.5","915463e0","451","C","Linear_Inequalities_1/q_05.jpg","Linear Inequalities","Algebra","MCQ"
"Linear Inequalities 1","1.6","89541f9b","513","C","Linear_Inequalities_1/q_06.jpg","Linear Inequalities","Algebra","MCQ"
"Linear Inequalities 1","1.7","84d0d07e","472","A","Linear_Inequalities_1/q_07.jpg","Linear Inequalities","Algebra","MCQ"
"Linear Inequalities 1","1.8","e744499e","621","A","Linear_Inequalities_1/q_08.jpg","Linear Inequalities","Algebra","MCQ"
"Linear Inequalities 1","1.9","b75f7812","312","4","Linear_Inequalities_1/q_09.jpg","Linear Inequalities","Algebra","SPR"
"Linear Inequalities 1","1.10","72a5fd28","246","5","Linear_Inequalities_1/q_10.jpg","Linear Inequalities","Algebra","SPR"
"Linear Inequalities 1","1.11","86f7483f","443","B","Linear_Inequalities_1/q_11.jpg","Linear Inequalities","Algebra","MCQ"
"Linear Inequalities 1","1.12","cfe67646","470","A","Linear_Inequalities_1/q_12.jpg","Linear Inequalities","Algebra","MCQ"
"Linear Inequalities 1","1.13","208626df","436","B","Linear_Inequalities_1/q_13.jpg","Linear Inequalities","Algebra","MCQ"
"Linear Inequalities 1","1.14","f01ef454","439","C","Linear_Inequalities_1/q_14.jpg","Linear Inequalities","Algebra","MCQ"
"Linear Inequalities 1","1.15","2869fe95","435","C","Linear_Inequalities_1/q_15.jpg","Linear Inequalities","Algebra","MCQ"
"Linear Inequalities 1","1.16","4a090a46","412","A","Linear_Inequalities_1/q_16.jpg","Linear Inequalities","Algebra","MCQ"
"Linear Inequalities 2","2.1","f224df07","466","C","Linear_Inequalities_2/q_01.jpg","Linear Inequalities","Algebra","MCQ"
"Linear Inequalities 2","2.2","b1228811","830","B","Linear_Inequalities_2/q_02.jpg","Linear Inequalities","Algebra","MCQ"
"Linear Inequalities 2","2.3","64c85440","518","D","Linear_Inequalities_2/q_03.jpg","Linear Inequalities","Algebra","MCQ"
"Linear Inequalities 2","2.4","968e9e51","492","D","Linear_Inequalities_2/q_04.jpg","Linear Inequalities","Algebra","MCQ"
"Linear Inequalities 2","2.5","bf5f80c6","395","A","Linear_Inequalities_2/q_05.jpg","Linear Inequalities","Algebra","MCQ"
"Linear Inequalities 2","2.6","80da233d","472","D","Linear_Inequalities_2/q_06.jpg","Linear Inequalities","Algebra","MCQ"
"Linear Inequalities 2","2.7","b31c3117","559","A","Linear_Inequalities_2/q_07.jpg","Linear Inequalities","Algebra","MCQ"
"Linear Inequalities 2","2.8","e9ef0e6b","420","B","Linear_Inequalities_2/q_08.jpg","Linear Inequalities","Algebra","MCQ"
"Linear Inequalities 2","2.9","90bd9ef8","538","B","Linear_Inequalities_2/q_09.jpg","Linear Inequalities","Algebra","MCQ"
"Linear Inequalities 2","2.10","948087f2","585","D","Linear_Inequalities_2/q_10.jpg","Linear Inequalities","Algebra","MCQ"
"Linear Inequalities 2","2.11","34aca984","417","A","Linear_Inequalities_2/q_11.jpg","Linear Inequalities","Algebra","MCQ"
"Linear Inequalities 2","2.12","f02b4509","418","A","Linear_Inequalities_2/q_12.jpg","Linear Inequalities","Algebra","MCQ"
"Linear Inequalities 2","2.13","6daf8d70","602","D","Linear_Inequalities_2/q_13.jpg","Linear Inequalities","Algebra","MCQ"
"Linear Inequalities 2","2.14","0ef4a7b6","432","A","Linear_Inequalities_2/q_14.jpg","Linear Inequalities","Algebra","MCQ"
"Linear Inequalities 2","2.15","6cb9bf45","953","D","Linear_Inequalities_2/q_15.jpg","Linear Inequalities","Algebra","MCQ"
"Linear Inequalities 2","2.16","b78cd5df","303","25","Linear_Inequalities_2/q_16.jpg","Linear Inequalities","Algebra","SPR"
"Linear Inequalities 3","3.1","45cfb9de","492","D","Linear_Inequalities_3/q_01.jpg","Linear Inequalities","Algebra","MCQ"
"Linear Inequalities 3","3.2","95cad55f","700","A","Linear_Inequalities_3/q_02.jpg","Linear Inequalities","Algebra","MCQ"
"Linear Inequalities 3","3.3","ee2f611f","315","28","Linear_Inequalities_3/q_03.jpg","Linear Inequalities","Algebra","SPR"
"Linear Inequalities 3","3.4","6c71f3ec","450","B","Linear_Inequalities_3/q_04.jpg","Linear Inequalities","Algebra","MCQ"
"Linear Inequalities 3","3.5","1a621af4","239","-14","Linear_Inequalities_3/q_05.jpg","Linear Inequalities","Algebra","SPR"
"Linear Inequalities 3","3.6","1035faea","594","D","Linear_Inequalities_3/q_06.jpg","Linear Inequalities","Algebra","MCQ"
"Linear Inequalities 3","3.7","5bf5136d","418","C","Linear_Inequalities_3/q_07.jpg","Linear Inequalities","Algebra","MCQ"
"Linear Inequalities 3","3.8","e8f9e117","399","20","Linear_Inequalities_3/q_08.jpg","Linear Inequalities","Algebra","SPR"
"Linear Inequalities 3","3.9","963da34c","578","A","Linear_Inequalities_3/q_09.jpg","Linear Inequalities","Algebra","MCQ"
"Linear Inequalities 3","3.10","b8e73b5b","491","C","Linear_Inequalities_3/q_10.jpg","Linear Inequalities","Algebra","MCQ"
"Linear Inequalities 3","3.11","830120b0","552","B","Linear_Inequalities_3/q_11.jpg","Linear Inequalities","Algebra","MCQ"
"Linear Inequalities 3","3.12","68c5c81a","436","C","Linear_Inequalities_3/q_12.jpg","Linear Inequalities","Algebra","MCQ"
"Linear Inequalities 3","3.13","f8ff3249","994","C","Linear_Inequalities_3/q_13.jpg","Linear Inequalities","Algebra","MCQ"
"Linear Inequalities 3","3.14","55ea82f3","499","B","Linear_Inequalities_3/q_14.jpg","Linear Inequalities","Algebra","MCQ"
"Lines, Angles, and Triangles 1","1.1","c8d60e48","527","B","Lines__Angles__and_Triangles_1/q_01.jpg","Lines, Angles, and Triangles","Geometry and Trig","MCQ"
"Lines, Angles, and Triangles 1","1.2","a6dbad6b","527","B","Lines__Angles__and_Triangles_1/q_02.jpg","Lines, Angles, and Triangles","Geometry and Trig","MCQ"
"Lines, Angles, and Triangles 1","1.3","cbe8ca31","369","A","Lines__Angles__and_Triangles_1/q_03.jpg","Lines, Angles, and Triangles","Geometry and Trig","MCQ"
"Lines, Angles, and Triangles 1","1.4","c24e1bda","699","D","Lines__Angles__and_Triangles_1/q_04.jpg","Lines, Angles, and Triangles","Geometry and Trig","MCQ"
"Lines, Angles, and Triangles 1","1.5","3563d76d","467","C","Lines__Angles__and_Triangles_1/q_05.jpg","Lines, Angles, and Triangles","Geometry and Trig","MCQ"
"Lines, Angles, and Triangles 1","1.6","dfc420b2","553","C","Lines__Angles__and_Triangles_1/q_06.jpg","Lines, Angles, and Triangles","Geometry and Trig","MCQ"
"Lines, Angles, and Triangles 1","1.7","410bdbe6","511","A","Lines__Angles__and_Triangles_1/q_07.jpg","Lines, Angles, and Triangles","Geometry and Trig","MCQ"
"Lines, Angles, and Triangles 1","1.8","087cdcfd","518","C","Lines__Angles__and_Triangles_1/q_08.jpg","Lines, Angles, and Triangles","Geometry and Trig","MCQ"
"Lines, Angles, and Triangles 1","1.9","992f4e93","526","C","Lines__Angles__and_Triangles_1/q_09.jpg","Lines, Angles, and Triangles","Geometry and Trig","MCQ"
"Lines, Angles, and Triangles 1","1.10","5733ce30","585","D","Lines__Angles__and_Triangles_1/q_10.jpg","Lines, Angles, and Triangles","Geometry and Trig","MCQ"
"Lines, Angles, and Triangles 1","1.11","3828f53d","517","A","Lines__Angles__and_Triangles_1/q_11.jpg","Lines, Angles, and Triangles","Geometry and Trig","MCQ"
"Lines, Angles, and Triangles 1","1.12","42b4493b","394","B","Lines__Angles__and_Triangles_1/q_12.jpg","Lines, Angles, and Triangles","Geometry and Trig","MCQ"
"Lines, Angles, and Triangles 1","1.13","36200a38","464","B","Lines__Angles__and_Triangles_1/q_13.jpg","Lines, Angles, and Triangles","Geometry and Trig","MCQ"
"Lines, Angles, and Triangles 1","1.14","69f4bbdc","764","B","Lines__Angles__and_Triangles_1/q_14.jpg","Lines, Angles, and Triangles","Geometry and Trig","MCQ"
"Lines, Angles, and Triangles 1","1.15","f1747a6a","393","D","Lines__Angles__and_Triangles_1/q_15.jpg","Lines, Angles, and Triangles","Geometry and Trig","MCQ"
"Lines, Angles, and Triangles 1","1.16","3b4b5b1e","543","47","Lines__Angles__and_Triangles_1/q_16.jpg","Lines, Angles, and Triangles","Geometry and Trig","SPR"
"Lines, Angles, and Triangles 1","1.17","5207e508","699","D","Lines__Angles__and_Triangles_1/q_17.jpg","Lines, Angles, and Triangles","Geometry and Trig","MCQ"
"Lines, Angles, and Triangles 1","1.18","e0d2e21a","652","C","Lines__Angles__and_Triangles_1/q_18.jpg","Lines, Angles, and Triangles","Geometry and Trig","MCQ"
"Lines, Angles, and Triangles 1","1.19","9d078710","867","A","Lines__Angles__and_Triangles_1/q_19.jpg","Lines, Angles, and Triangles","Geometry and Trig","MCQ"
"Lines, Angles, and Triangles 2","2.1","81b664bc","584","B","Lines__Angles__and_Triangles_2/q_01.jpg","Lines, Angles, and Triangles","Geometry and Trig","MCQ"
"Lines, Angles, and Triangles 2","2.2","94364a79","418","B","Lines__Angles__and_Triangles_2/q_02.jpg","Lines, Angles, and Triangles","Geometry and Trig","MCQ"
"Lines, Angles, and Triangles 2","2.3","933fee1a","616","B","Lines__Angles__and_Triangles_2/q_03.jpg","Lines, Angles, and Triangles","Geometry and Trig","MCQ"
"Lines, Angles, and Triangles 2","2.4","a4c05a1b","731","B","Lines__Angles__and_Triangles_2/q_04.jpg","Lines, Angles, and Triangles","Geometry and Trig","MCQ"
"Lines, Angles, and Triangles 2","2.5","d3fe472f","418","D","Lines__Angles__and_Triangles_2/q_05.jpg","Lines, Angles, and Triangles","Geometry and Trig","MCQ"
"Lines, Angles, and Triangles 2","2.6","fd8745fc","242","84","Lines__Angles__and_Triangles_2/q_06.jpg","Lines, Angles, and Triangles","Geometry and Trig","SPR"
"Lines, Angles, and Triangles 2","2.7","901e3285","426","D","Lines__Angles__and_Triangles_2/q_07.jpg","Lines, Angles, and Triangles","Geometry and Trig","MCQ"
"Lines, Angles, and Triangles 2","2.8","1c3d613c","414","20","Lines__Angles__and_Triangles_2/q_08.jpg","Lines, Angles, and Triangles","Geometry and Trig","SPR"
"Lines, Angles, and Triangles 2","2.9","6dd463ca","574","B","Lines__Angles__and_Triangles_2/q_09.jpg","Lines, Angles, and Triangles","Geometry and Trig","MCQ"
"Lines, Angles, and Triangles 2","2.10","7a8ad237","243","21","Lines__Angles__and_Triangles_2/q_10.jpg","Lines, Angles, and Triangles","Geometry and Trig","SPR"
"Lines, Angles, and Triangles 2","2.11","014edcb7","670","B","Lines__Angles__and_Triangles_2/q_11.jpg","Lines, Angles, and Triangles","Geometry and Trig","MCQ"
"Lines, Angles, and Triangles 2","2.12","2085e10e","432","D","Lines__Angles__and_Triangles_2/q_12.jpg","Lines, Angles, and Triangles","Geometry and Trig","MCQ"
"Lines, Angles, and Triangles 2","2.13","2f7c92ad","759","C","Lines__Angles__and_Triangles_2/q_13.jpg","Lines, Angles, and Triangles","Geometry and Trig","MCQ"
"Lines, Angles, and Triangles 3","3.1","6d99b141","576","83","Lines__Angles__and_Triangles_3/q_01.jpg","Lines, Angles, and Triangles","Geometry and Trig","SPR"
"Lines, Angles, and Triangles 3","3.2","e10d8313","530","123","Lines__Angles__and_Triangles_3/q_02.jpg","Lines, Angles, and Triangles","Geometry and Trig","SPR"
"Lines, Angles, and Triangles 3","3.3","f88f27e5","340","97","Lines__Angles__and_Triangles_3/q_03.jpg","Lines, Angles, and Triangles","Geometry and Trig","SPR"
"Lines, Angles, and Triangles 3","3.4","947a3cde","379","30","Lines__Angles__and_Triangles_3/q_04.jpg","Lines, Angles, and Triangles","Geometry and Trig","SPR"
"Lines, Angles, and Triangles 3","3.5","740bf79f","496","C","Lines__Angles__and_Triangles_3/q_05.jpg","Lines, Angles, and Triangles","Geometry and Trig","MCQ"
"Lines, Angles, and Triangles 3","3.6","bd7f6e30","535","C","Lines__Angles__and_Triangles_3/q_06.jpg","Lines, Angles, and Triangles","Geometry and Trig","MCQ"
"Lines, Angles, and Triangles 3","3.7","eeb4143c","358","10/3, 15/4, 25/6","Lines__Angles__and_Triangles_3/q_07.jpg","Lines, Angles, and Triangles","Geometry and Trig","SPR"
"Lines, Angles, and Triangles 3","3.8","5b4757df","266","44/3","Lines__Angles__and_Triangles_3/q_08.jpg","Lines, Angles, and Triangles","Geometry and Trig","SPR"
"Lines, Angles, and Triangles 3","3.9","17912810","559","50.5","Lines__Angles__and_Triangles_3/q_09.jpg","Lines, Angles, and Triangles","Geometry and Trig","SPR"
"Lines, Angles, and Triangles 3","3.10","6a3fbec3","400","4.5","Lines__Angles__and_Triangles_3/q_10.jpg","Lines, Angles, and Triangles","Geometry and Trig","SPR"
"Lines, Angles, and Triangles 3","3.11","345cc36a","548","54","Lines__Angles__and_Triangles_3/q_11.jpg","Lines, Angles, and Triangles","Geometry and Trig","SPR"
"Lines, Angles, and Triangles 3","3.12","2d2cb85e","610","156","Lines__Angles__and_Triangles_3/q_12.jpg","Lines, Angles, and Triangles","Geometry and Trig","SPR"
"Lines, Angles, and Triangles 3","3.13","f7dbde16","396","D","Lines__Angles__and_Triangles_3/q_13.jpg","Lines, Angles, and Triangles","Geometry and Trig","MCQ"
"Lines, Angles, and Triangles 3","3.14","abcd0011","532","3","Lines__Angles__and_Triangles_3/q_14.jpg","Lines, Angles, and Triangles","Geometry and Trig","SPR"
"Lines, Angles, and Triangles 3","3.15","322a6dfe","407","D","Lines__Angles__and_Triangles_3/q_15.jpg","Lines, Angles, and Triangles","Geometry and Trig","MCQ"
"Lines, Angles, and Triangles 3","3.16","fecc446d","433","A","Lines__Angles__and_Triangles_3/q_16.jpg","Lines, Angles, and Triangles","Geometry and Trig","MCQ"
"Nonlinear Equations and Systems 1","1.1","3c95093c","456","B","Nonlinear_Equations_and_Systems_1/q_01.jpg","Nonlinear Equations and Systems","Advanced Math","MCQ"
"Nonlinear Equations and Systems 1","1.2","4ca30186","818","C","Nonlinear_Equations_and_Systems_1/q_02.jpg","Nonlinear Equations and Systems","Advanced Math","MCQ"
"Nonlinear Equations and Systems 1","1.3","3de7a7d7","403","B","Nonlinear_Equations_and_Systems_1/q_03.jpg","Nonlinear Equations and Systems","Advanced Math","MCQ"
"Nonlinear Equations and Systems 1","1.4","70f98ab4","424","B","Nonlinear_Equations_and_Systems_1/q_04.jpg","Nonlinear Equations and Systems","Advanced Math","MCQ"
"Nonlinear Equations and Systems 1","1.5","568aaf27","455","D","Nonlinear_Equations_and_Systems_1/q_05.jpg","Nonlinear Equations and Systems","Advanced Math","MCQ"
"Nonlinear Equations and Systems 1","1.6","b76a2815","530","A","Nonlinear_Equations_and_Systems_1/q_06.jpg","Nonlinear Equations and Systems","Advanced Math","MCQ"
"Nonlinear Equations and Systems 1","1.7","c7789423","242","11, -7","Nonlinear_Equations_and_Systems_1/q_07.jpg","Nonlinear Equations and Systems","Advanced Math","SPR"
"Nonlinear Equations and Systems 1","1.8","eb268057","498","A","Nonlinear_Equations_and_Systems_1/q_08.jpg","Nonlinear Equations and Systems","Advanced Math","MCQ"
"Nonlinear Equations and Systems 1","1.9","98f735f2","512","B","Nonlinear_Equations_and_Systems_1/q_09.jpg","Nonlinear Equations and Systems","Advanced Math","MCQ"
"Nonlinear Equations and Systems 1","1.10","fcb78856","428","A","Nonlinear_Equations_and_Systems_1/q_10.jpg","Nonlinear Equations and Systems","Advanced Math","MCQ"
"Nonlinear Equations and Systems 1","1.11","4236c5a3","424","D","Nonlinear_Equations_and_Systems_1/q_11.jpg","Nonlinear Equations and Systems","Advanced Math","MCQ"
"Nonlinear Equations and Systems 1","1.12","f11ffa93","278","117","Nonlinear_Equations_and_Systems_1/q_12.jpg","Nonlinear Equations and Systems","Advanced Math","SPR"
"Nonlinear Equations and Systems 1","1.13","5639dd1a","224","22","Nonlinear_Equations_and_Systems_1/q_13.jpg","Nonlinear Equations and Systems","Advanced Math","SPR"
"Nonlinear Equations and Systems 1","1.14","c1964c11","425","B","Nonlinear_Equations_and_Systems_1/q_14.jpg","Nonlinear Equations and Systems","Advanced Math","MCQ"
"Nonlinear Equations and Systems 1","1.15","7cb3a8ee","242","15, -5","Nonlinear_Equations_and_Systems_1/q_15.jpg","Nonlinear Equations and Systems","Advanced Math","SPR"
"Nonlinear Equations and Systems 1","1.16","b8c4a1cd","426","D","Nonlinear_Equations_and_Systems_1/q_16.jpg","Nonlinear Equations and Systems","Advanced Math","MCQ"
"Nonlinear Equations and Systems 1","1.17","7a8cb72a","460","A","Nonlinear_Equations_and_Systems_1/q_17.jpg","Nonlinear Equations and Systems","Advanced Math","MCQ"
"Nonlinear Equations and Systems 1","1.18","d0e8e8f5","1200","D","Nonlinear_Equations_and_Systems_1/q_18.jpg","Nonlinear Equations and Systems","Advanced Math","MCQ"
"Nonlinear Equations and Systems 1","1.19","d3f7c429","924","C","Nonlinear_Equations_and_Systems_1/q_19.jpg","Nonlinear Equations and Systems","Advanced Math","MCQ"
"Nonlinear Equations and Systems 1","1.20","13e5a5d5","243","9","Nonlinear_Equations_and_Systems_1/q_20.jpg","Nonlinear Equations and Systems","Advanced Math","SPR"
"Nonlinear Equations and Systems 1","1.21","58443765","437","B","Nonlinear_Equations_and_Systems_1/q_21.jpg","Nonlinear Equations and Systems","Advanced Math","MCQ"
"Nonlinear Equations and Systems 1","1.22","332cd67b","407","B","Nonlinear_Equations_and_Systems_1/q_22.jpg","Nonlinear Equations and Systems","Advanced Math","MCQ"
"Nonlinear Equations and Systems 2","2.1","a5663025","571","C","Nonlinear_Equations_and_Systems_2/q_01.jpg","Nonlinear Equations and Systems","Advanced Math","MCQ"
"Nonlinear Equations and Systems 2","2.2","d0a7871e","493","A","Nonlinear_Equations_and_Systems_2/q_02.jpg","Nonlinear Equations and Systems","Advanced Math","MCQ"
"Nonlinear Equations and Systems 2","2.3","7f81d0c3","565","C","Nonlinear_Equations_and_Systems_2/q_03.jpg","Nonlinear Equations and Systems","Advanced Math","MCQ"
"Nonlinear Equations and Systems 2","2.4","911383f2","496","D","Nonlinear_Equations_and_Systems_2/q_04.jpg","Nonlinear Equations and Systems","Advanced Math","MCQ"
"Nonlinear Equations and Systems 2","2.5","b80d10d7","451","B","Nonlinear_Equations_and_Systems_2/q_05.jpg","Nonlinear Equations and Systems","Advanced Math","MCQ"
"Nonlinear Equations and Systems 2","2.6","fcdf87b7","306","0, 3","Nonlinear_Equations_and_Systems_2/q_06.jpg","Nonlinear Equations and Systems","Advanced Math","SPR"
"Nonlinear Equations and Systems 2","2.7","652054da","564","A","Nonlinear_Equations_and_Systems_2/q_07.jpg","Nonlinear Equations and Systems","Advanced Math","MCQ"
"Nonlinear Equations and Systems 2","2.8","6e02cd78","249","1","Nonlinear_Equations_and_Systems_2/q_08.jpg","Nonlinear Equations and Systems","Advanced Math","SPR"
"Nonlinear Equations and Systems 2","2.9","802549ac","496","A","Nonlinear_Equations_and_Systems_2/q_09.jpg","Nonlinear Equations and Systems","Advanced Math","MCQ"
"Nonlinear Equations and Systems 2","2.10","a4f61d75","285","7, 8, 13","Nonlinear_Equations_and_Systems_2/q_10.jpg","Nonlinear Equations and Systems","Advanced Math","SPR"
"Nonlinear Equations and Systems 2","2.11","630897df","548","D","Nonlinear_Equations_and_Systems_2/q_11.jpg","Nonlinear Equations and Systems","Advanced Math","MCQ"
"Nonlinear Equations and Systems 2","2.12","c77ef2fb","593","A","Nonlinear_Equations_and_Systems_2/q_12.jpg","Nonlinear Equations and Systems","Advanced Math","MCQ"
"Nonlinear Equations and Systems 2","2.13","364a2d25","301","8, 9","Nonlinear_Equations_and_Systems_2/q_13.jpg","Nonlinear Equations and Systems","Advanced Math","SPR"
"Nonlinear Equations and Systems 2","2.14","0980fcdd","457","A","Nonlinear_Equations_and_Systems_2/q_14.jpg","Nonlinear Equations and Systems","Advanced Math","MCQ"
"Nonlinear Equations and Systems 2","2.15","87a3de81","277","3","Nonlinear_Equations_and_Systems_2/q_15.jpg","Nonlinear Equations and Systems","Advanced Math","SPR"
"Nonlinear Equations and Systems 2","2.16","2683b5db","480","D","Nonlinear_Equations_and_Systems_2/q_16.jpg","Nonlinear Equations and Systems","Advanced Math","MCQ"
"Nonlinear Equations and Systems 2","2.17","2f958af9","572","A","Nonlinear_Equations_and_Systems_2/q_17.jpg","Nonlinear Equations and Systems","Advanced Math","MCQ"
"Nonlinear Equations and Systems 2","2.18","876a731c","485","A","Nonlinear_Equations_and_Systems_2/q_18.jpg","Nonlinear Equations and Systems","Advanced Math","MCQ"
"Nonlinear Equations and Systems 2","2.19","928498f3","568","A","Nonlinear_Equations_and_Systems_2/q_19.jpg","Nonlinear Equations and Systems","Advanced Math","MCQ"
"Nonlinear Equations and Systems 2","2.20","2d2ab76b","608","A","Nonlinear_Equations_and_Systems_2/q_20.jpg","Nonlinear Equations and Systems","Advanced Math","MCQ"
"Nonlinear Equations and Systems 2","2.21","3b4b8831","242","-3","Nonlinear_Equations_and_Systems_2/q_21.jpg","Nonlinear Equations and Systems","Advanced Math","SPR"
"Nonlinear Equations and Systems 2","2.22","f5247e52","460","C","Nonlinear_Equations_and_Systems_2/q_22.jpg","Nonlinear Equations and Systems","Advanced Math","MCQ"
"Nonlinear Equations and Systems 2","2.23","f76c1858","223","4","Nonlinear_Equations_and_Systems_2/q_23.jpg","Nonlinear Equations and Systems","Advanced Math","SPR"
"Nonlinear Equations and Systems 2","2.24","4e18fc5d","445","A","Nonlinear_Equations_and_Systems_2/q_24.jpg","Nonlinear Equations and Systems","Advanced Math","MCQ"
"Nonlinear Equations and Systems 2","2.25","bef4b1c6","244","5","Nonlinear_Equations_and_Systems_2/q_25.jpg","Nonlinear Equations and Systems","Advanced Math","SPR"
"Nonlinear Equations and Systems 2","2.26","11ccf3e1","400","A","Nonlinear_Equations_and_Systems_2/q_26.jpg","Nonlinear Equations and Systems","Advanced Math","MCQ"
"Nonlinear Equations and Systems 2","2.27","29ed5d39","478","D","Nonlinear_Equations_and_Systems_2/q_27.jpg","Nonlinear Equations and Systems","Advanced Math","MCQ"
"Nonlinear Equations and Systems 2","2.28","895628b5","421","C","Nonlinear_Equations_and_Systems_2/q_28.jpg","Nonlinear Equations and Systems","Advanced Math","MCQ"
"Nonlinear Equations and Systems 2","2.29","13e57f0a","395","B","Nonlinear_Equations_and_Systems_2/q_29.jpg","Nonlinear Equations and Systems","Advanced Math","MCQ"
"Nonlinear Equations and Systems 2","2.30","6acdcece","455","D","Nonlinear_Equations_and_Systems_2/q_30.jpg","Nonlinear Equations and Systems","Advanced Math","MCQ"
"Nonlinear Equations and Systems 2","2.31","09e5e4d3","382","C","Nonlinear_Equations_and_Systems_2/q_31.jpg","Nonlinear Equations and Systems","Advanced Math","MCQ"
"Nonlinear Equations and Systems 2","2.32","4b6f0a3f","243","5","Nonlinear_Equations_and_Systems_2/q_32.jpg","Nonlinear Equations and Systems","Advanced Math","SPR"
"Nonlinear Equations and Systems 2","2.33","75a32330","918","A","Nonlinear_Equations_and_Systems_2/q_33.jpg","Nonlinear Equations and Systems","Advanced Math","MCQ"
"Nonlinear Equations and Systems 3","3.1","fc3d783a","243","6","Nonlinear_Equations_and_Systems_3/q_01.jpg","Nonlinear Equations and Systems","Advanced Math","SPR"
"Nonlinear Equations and Systems 3","3.2","4661e2a9","476","A","Nonlinear_Equations_and_Systems_3/q_02.jpg","Nonlinear Equations and Systems","Advanced Math","MCQ"
"Nonlinear Equations and Systems 3","3.3","f65288e8","602","A","Nonlinear_Equations_and_Systems_3/q_03.jpg","Nonlinear Equations and Systems","Advanced Math","MCQ"
"Nonlinear Equations and Systems 3","3.4","f2f3fa00","350","5","Nonlinear_Equations_and_Systems_3/q_04.jpg","Nonlinear Equations and Systems","Advanced Math","SPR"
"Nonlinear Equations and Systems 3","3.5","6ce95fc8","540","D","Nonlinear_Equations_and_Systems_3/q_05.jpg","Nonlinear Equations and Systems","Advanced Math","MCQ"
"Nonlinear Equations and Systems 3","3.6","c303ad23","217","5","Nonlinear_Equations_and_Systems_3/q_06.jpg","Nonlinear Equations and Systems","Advanced Math","SPR"
"Nonlinear Equations and Systems 3","3.7","7bd10ef3","454","A","Nonlinear_Equations_and_Systems_3/q_07.jpg","Nonlinear Equations and Systems","Advanced Math","MCQ"
"Nonlinear Equations and Systems 3","3.8","66bce0c1","460","B","Nonlinear_Equations_and_Systems_3/q_08.jpg","Nonlinear Equations and Systems","Advanced Math","MCQ"
"Nonlinear Equations and Systems 3","3.9","97e50fa2","492","2, 8","Nonlinear_Equations_and_Systems_3/q_09.jpg","Nonlinear Equations and Systems","Advanced Math","SPR"
"Nonlinear Equations and Systems 3","3.10","3d12b1e0","242","-1","Nonlinear_Equations_and_Systems_3/q_10.jpg","Nonlinear Equations and Systems","Advanced Math","SPR"
"Nonlinear Equations and Systems 3","3.11","71014fb1","393","D","Nonlinear_Equations_and_Systems_3/q_11.jpg","Nonlinear Equations and Systems","Advanced Math","MCQ"
"Nonlinear Equations and Systems 3","3.12","e9349667","491","D","Nonlinear_Equations_and_Systems_3/q_12.jpg","Nonlinear Equations and Systems","Advanced Math","MCQ"
"Nonlinear Equations and Systems 3","3.13","b03adde3","517","D","Nonlinear_Equations_and_Systems_3/q_13.jpg","Nonlinear Equations and Systems","Advanced Math","MCQ"
"Nonlinear Equations and Systems 3","3.14","30281058","430","A","Nonlinear_Equations_and_Systems_3/q_14.jpg","Nonlinear Equations and Systems","Advanced Math","MCQ"
"Nonlinear Equations and Systems 3","3.15","5910bfff","597","A","Nonlinear_Equations_and_Systems_3/q_15.jpg","Nonlinear Equations and Systems","Advanced Math","MCQ"
"Nonlinear Equations and Systems 3","3.16","1697ffcf","253","5","Nonlinear_Equations_and_Systems_3/q_16.jpg","Nonlinear Equations and Systems","Advanced Math","SPR"
"Nonlinear Equations and Systems 3","3.17","ff2e5c76","394","D","Nonlinear_Equations_and_Systems_3/q_17.jpg","Nonlinear Equations and Systems","Advanced Math","MCQ"
"Nonlinear Equations and Systems 3","3.18","2c5c22d0","449","C","Nonlinear_Equations_and_Systems_3/q_18.jpg","Nonlinear Equations and Systems","Advanced Math","MCQ"
"Nonlinear Equations and Systems 3","3.19","fc3dfa26","564","C","Nonlinear_Equations_and_Systems_3/q_19.jpg","Nonlinear Equations and Systems","Advanced Math","MCQ"
"Nonlinear Equations and Systems 3","3.20","58b109d4","268","-10","Nonlinear_Equations_and_Systems_3/q_20.jpg","Nonlinear Equations and Systems","Advanced Math","SPR"
"Nonlinear Equations and Systems 3","3.21","7028c74f","224","31/3","Nonlinear_Equations_and_Systems_3/q_21.jpg","Nonlinear Equations and Systems","Advanced Math","SPR"
"Nonlinear Equations and Systems 3","3.22","e11294f9","245","31","Nonlinear_Equations_and_Systems_3/q_22.jpg","Nonlinear Equations and Systems","Advanced Math","SPR"
"Nonlinear Equations and Systems 3","3.23","f5aa5040","243","20.25","Nonlinear_Equations_and_Systems_3/q_23.jpg","Nonlinear Equations and Systems","Advanced Math","SPR"
"Nonlinear Equations and Systems 3","3.24","7dbd46d9","442","A","Nonlinear_Equations_and_Systems_3/q_24.jpg","Nonlinear Equations and Systems","Advanced Math","MCQ"
"Nonlinear Equations and Systems 3","3.25","6011a3f8","418","A","Nonlinear_Equations_and_Systems_3/q_25.jpg","Nonlinear Equations and Systems","Advanced Math","MCQ"
"Nonlinear Equations and Systems 3","3.26","77c0cced","442","C","Nonlinear_Equations_and_Systems_3/q_26.jpg","Nonlinear Equations and Systems","Advanced Math","MCQ"
"Nonlinear Equations and Systems 3","3.27","3a9d60b2","242","9","Nonlinear_Equations_and_Systems_3/q_27.jpg","Nonlinear Equations and Systems","Advanced Math","SPR"
"Nonlinear Equations and Systems 3","3.28","abcd0012","332","4","Nonlinear_Equations_and_Systems_3/q_28.jpg","Nonlinear Equations and Systems","Advanced Math","SPR"
"Nonlinear Equations and Systems 3","3.29","88a0c425","407","B","Nonlinear_Equations_and_Systems_3/q_29.jpg","Nonlinear Equations and Systems","Advanced Math","MCQ"
"Nonlinear Equations and Systems 3","3.30","722de804","244","94","Nonlinear_Equations_and_Systems_3/q_30.jpg","Nonlinear Equations and Systems","Advanced Math","SPR"
"Nonlinear Functions 1","1.1","6abec9a8","795","B","Nonlinear_Functions_1/q_01.jpg","Nonlinear Functions","Advanced Math","MCQ"
"Nonlinear Functions 1","1.2","1ee962ec","1047","C","Nonlinear_Functions_1/q_02.jpg","Nonlinear Functions","Advanced Math","MCQ"
"Nonlinear Functions 1","1.3","788bfd56","370","B","Nonlinear_Functions_1/q_03.jpg","Nonlinear Functions","Advanced Math","MCQ"
"Nonlinear Functions 1","1.4","b39d74a0","1189","B","Nonlinear_Functions_1/q_04.jpg","Nonlinear Functions","Advanced Math","MCQ"
"Nonlinear Functions 1","1.5","5377d9cf","437","A","Nonlinear_Functions_1/q_05.jpg","Nonlinear Functions","Advanced Math","MCQ"
"Nonlinear Functions 1","1.6","75915e3c","436","C","Nonlinear_Functions_1/q_06.jpg","Nonlinear Functions","Advanced Math","MCQ"
"Nonlinear Functions 1","1.7","7160cbb3","800","A","Nonlinear_Functions_1/q_07.jpg","Nonlinear Functions","Advanced Math","MCQ"
"Nonlinear Functions 1","1.8","72ae8a87","518","A","Nonlinear_Functions_1/q_08.jpg","Nonlinear Functions","Advanced Math","MCQ"
"Nonlinear Functions 1","1.9","09f58996","222","12","Nonlinear_Functions_1/q_09.jpg","Nonlinear Functions","Advanced Math","SPR"
"Nonlinear Functions 1","1.10","ebe4bde0","710","C","Nonlinear_Functions_1/q_10.jpg","Nonlinear Functions","Advanced Math","MCQ"
"Nonlinear Functions 1","1.11","d46da42c","889","D","Nonlinear_Functions_1/q_11.jpg","Nonlinear Functions","Advanced Math","MCQ"
"Nonlinear Functions 1","1.12","79ba511a","369","C","Nonlinear_Functions_1/q_12.jpg","Nonlinear Functions","Advanced Math","MCQ"
"Nonlinear Functions 1","1.13","50418728","665","-3","Nonlinear_Functions_1/q_13.jpg","Nonlinear Functions","Advanced Math","SPR"
"Nonlinear Functions 1","1.14","ee05c84e","436","C","Nonlinear_Functions_1/q_14.jpg","Nonlinear Functions","Advanced Math","MCQ"
"Nonlinear Functions 1","1.15","39652e93","391","A","Nonlinear_Functions_1/q_15.jpg","Nonlinear Functions","Advanced Math","MCQ"
"Nonlinear Functions 1","1.16","02c67921","755","3","Nonlinear_Functions_1/q_16.jpg","Nonlinear Functions","Advanced Math","SPR"
"Nonlinear Functions 1","1.17","1863e3be","224","31","Nonlinear_Functions_1/q_17.jpg","Nonlinear Functions","Advanced Math","SPR"
"Nonlinear Functions 1","1.18","2d394c28","943","C","Nonlinear_Functions_1/q_18.jpg","Nonlinear Functions","Advanced Math","MCQ"
"Nonlinear Functions 1","1.19","20722644","369","C","Nonlinear_Functions_1/q_19.jpg","Nonlinear Functions","Advanced Math","MCQ"
"Nonlinear Functions 1","1.20","d45572cc","668","3","Nonlinear_Functions_1/q_20.jpg","Nonlinear Functions","Advanced Math","SPR"
"Nonlinear Functions 1","1.21","044c1cb7","608","B","Nonlinear_Functions_1/q_21.jpg","Nonlinear Functions","Advanced Math","MCQ"
"Nonlinear Functions 1","1.22","0ad5012e","461","B","Nonlinear_Functions_1/q_22.jpg","Nonlinear Functions","Advanced Math","MCQ"
"Nonlinear Functions 1","1.23","b5c43226","795","B","Nonlinear_Functions_1/q_23.jpg","Nonlinear Functions","Advanced Math","MCQ"
"Nonlinear Functions 1","1.24","d84a514a","513","A","Nonlinear_Functions_1/q_24.jpg","Nonlinear Functions","Advanced Math","MCQ"
"Nonlinear Functions 1","1.25","5e63b9cf","817","B","Nonlinear_Functions_1/q_25.jpg","Nonlinear Functions","Advanced Math","MCQ"
"Nonlinear Functions 1","1.26","cfff8f8e","471","B","Nonlinear_Functions_1/q_26.jpg","Nonlinear Functions","Advanced Math","MCQ"
"Nonlinear Functions 2","2.1","f89af023","418","A","Nonlinear_Functions_2/q_01.jpg","Nonlinear Functions","Advanced Math","MCQ"
"Nonlinear Functions 2","2.2","e53add44","450","C","Nonlinear_Functions_2/q_02.jpg","Nonlinear Functions","Advanced Math","MCQ"
"Nonlinear Functions 2","2.3","926c246b","457","D","Nonlinear_Functions_2/q_03.jpg","Nonlinear Functions","Advanced Math","MCQ"
"Nonlinear Functions 2","2.4","50e40f08","266","-6, 4","Nonlinear_Functions_2/q_04.jpg","Nonlinear Functions","Advanced Math","SPR"
"Nonlinear Functions 2","2.5","be0c419e","493","D","Nonlinear_Functions_2/q_05.jpg","Nonlinear Functions","Advanced Math","MCQ"
"Nonlinear Functions 2","2.6","a31417d1","505","B","Nonlinear_Functions_2/q_06.jpg","Nonlinear Functions","Advanced Math","MCQ"
"Nonlinear Functions 2","2.7","c4cd5bcc","419","A","Nonlinear_Functions_2/q_07.jpg","Nonlinear Functions","Advanced Math","MCQ"
"Nonlinear Functions 2","2.8","78d5f91a","604","C","Nonlinear_Functions_2/q_08.jpg","Nonlinear Functions","Advanced Math","MCQ"
"Nonlinear Functions 2","2.9","d675744f","881","D","Nonlinear_Functions_2/q_09.jpg","Nonlinear Functions","Advanced Math","MCQ"
"Nonlinear Functions 2","2.10","f44a29a8","442","A","Nonlinear_Functions_2/q_10.jpg","Nonlinear Functions","Advanced Math","MCQ"
"Nonlinear Functions 2","2.11","d71f6dbf","509","A","Nonlinear_Functions_2/q_11.jpg","Nonlinear Functions","Advanced Math","MCQ"
"Nonlinear Functions 2","2.12","6676f055","555","C","Nonlinear_Functions_2/q_12.jpg","Nonlinear Functions","Advanced Math","MCQ"
"Nonlinear Functions 2","2.13","dd8ac009","580","B","Nonlinear_Functions_2/q_13.jpg","Nonlinear Functions","Advanced Math","MCQ"
"Nonlinear Functions 2","2.14","281a4f3b","501","D","Nonlinear_Functions_2/q_14.jpg","Nonlinear Functions","Advanced Math","MCQ"
"Nonlinear Functions 2","2.15","100030d9","291","2.5","Nonlinear_Functions_2/q_15.jpg","Nonlinear Functions","Advanced Math","SPR"
"Nonlinear Functions 2","2.16","c7a187a7","397","A","Nonlinear_Functions_2/q_16.jpg","Nonlinear Functions","Advanced Math","MCQ"
"Nonlinear Functions 2","2.17","e1391dd6","466","B","Nonlinear_Functions_2/q_17.jpg","Nonlinear Functions","Advanced Math","MCQ"
"Nonlinear Functions 2","2.18","5bf0f84a","455","A","Nonlinear_Functions_2/q_18.jpg","Nonlinear Functions","Advanced Math","MCQ"
"Nonlinear Functions 2","2.19","70ebd3d0","457","D","Nonlinear_Functions_2/q_19.jpg","Nonlinear Functions","Advanced Math","MCQ"
"Nonlinear Functions 2","2.20","97158b3a","421","C","Nonlinear_Functions_2/q_20.jpg","Nonlinear Functions","Advanced Math","MCQ"
"Nonlinear Functions 2","2.21","dba7432e","744","D","Nonlinear_Functions_2/q_21.jpg","Nonlinear Functions","Advanced Math","MCQ"
"Nonlinear Functions 2","2.22","f5e8ccf1","492","B","Nonlinear_Functions_2/q_22.jpg","Nonlinear Functions","Advanced Math","MCQ"
"Nonlinear Functions 2","2.23","5c00c2c1","537","C","Nonlinear_Functions_2/q_23.jpg","Nonlinear Functions","Advanced Math","MCQ"
"Nonlinear Functions 2","2.24","15c364bf","447","A","Nonlinear_Functions_2/q_24.jpg","Nonlinear Functions","Advanced Math","MCQ"
"Nonlinear Functions 2","2.25","203774bc","394","B","Nonlinear_Functions_2/q_25.jpg","Nonlinear Functions","Advanced Math","MCQ"
"Nonlinear Functions 2","2.26","b7cd6ca6","420","A","Nonlinear_Functions_2/q_26.jpg","Nonlinear Functions","Advanced Math","MCQ"
"Nonlinear Functions 2","2.27","341ba5db","390","B","Nonlinear_Functions_2/q_27.jpg","Nonlinear Functions","Advanced Math","MCQ"
"Nonlinear Functions 2","2.28","45df91ee","398","A","Nonlinear_Functions_2/q_28.jpg","Nonlinear Functions","Advanced Math","MCQ"
"Nonlinear Functions 2","2.29","d4950429","394","B","Nonlinear_Functions_2/q_29.jpg","Nonlinear Functions","Advanced Math","MCQ"
"Nonlinear Functions 2","2.30","3918e8bc","418","D","Nonlinear_Functions_2/q_30.jpg","Nonlinear Functions","Advanced Math","MCQ"
"Nonlinear Functions 2","2.31","252a3b3a","808","B","Nonlinear_Functions_2/q_31.jpg","Nonlinear Functions","Advanced Math","MCQ"
"Nonlinear Functions 2","2.32","0aaef7aa","370","A","Nonlinear_Functions_2/q_32.jpg","Nonlinear Functions","Advanced Math","MCQ"
"Nonlinear Functions 2","2.33","3c600337","369","D","Nonlinear_Functions_2/q_33.jpg","Nonlinear Functions","Advanced Math","MCQ"
"Nonlinear Functions 2","2.34","99c5e794","441","D","Nonlinear_Functions_2/q_34.jpg","Nonlinear Functions","Advanced Math","MCQ"
"Nonlinear Functions 2","2.35","f880f910","407","B","Nonlinear_Functions_2/q_35.jpg","Nonlinear Functions","Advanced Math","MCQ"
"Nonlinear Functions 2","2.36","68607eca","474","C","Nonlinear_Functions_2/q_36.jpg","Nonlinear Functions","Advanced Math","MCQ"
"Nonlinear Functions 2","2.37","dd3b1e1a","302","17","Nonlinear_Functions_2/q_37.jpg","Nonlinear Functions","Advanced Math","SPR"
"Nonlinear Functions 2","2.38","1d3c5c95","462","A","Nonlinear_Functions_2/q_38.jpg","Nonlinear Functions","Advanced Math","MCQ"
"Nonlinear Functions 3","3.1","91e7ea5e","463","D","Nonlinear_Functions_3/q_01.jpg","Nonlinear Functions","Advanced Math","MCQ"
"Nonlinear Functions 3","3.2","a9084ca4","494","D","Nonlinear_Functions_3/q_02.jpg","Nonlinear Functions","Advanced Math","MCQ"
"Nonlinear Functions 3","3.3","b8f13a3a","246","20","Nonlinear_Functions_3/q_03.jpg","Nonlinear Functions","Advanced Math","SPR"
"Nonlinear Functions 3","3.4","7902bed0","424","D","Nonlinear_Functions_3/q_04.jpg","Nonlinear Functions","Advanced Math","MCQ"
"Nonlinear Functions 3","3.5","4a0d0399","243","-324","Nonlinear_Functions_3/q_05.jpg","Nonlinear Functions","Advanced Math","SPR"
"Nonlinear Functions 3","3.6","9654add7","496","C","Nonlinear_Functions_3/q_06.jpg","Nonlinear Functions","Advanced Math","MCQ"
"Nonlinear Functions 3","3.7","263f9937","660","D","Nonlinear_Functions_3/q_07.jpg","Nonlinear Functions","Advanced Math","MCQ"
"Nonlinear Functions 3","3.8","18e35375","398","D","Nonlinear_Functions_3/q_08.jpg","Nonlinear Functions","Advanced Math","MCQ"
"Nonlinear Functions 3","3.9","9afe2370","511","B","Nonlinear_Functions_3/q_09.jpg","Nonlinear Functions","Advanced Math","MCQ"
"Nonlinear Functions 3","3.10","0121a235","683","D","Nonlinear_Functions_3/q_10.jpg","Nonlinear Functions","Advanced Math","MCQ"
"Nonlinear Functions 3","3.11","70753f99","452","B","Nonlinear_Functions_3/q_11.jpg","Nonlinear Functions","Advanced Math","MCQ"
"Nonlinear Functions 3","3.12","58dcc59f","266","13","Nonlinear_Functions_3/q_12.jpg","Nonlinear Functions","Advanced Math","SPR"
"Nonlinear Functions 3","3.13","84dd43f8","243","3.44","Nonlinear_Functions_3/q_13.jpg","Nonlinear Functions","Advanced Math","SPR"
"Nonlinear Functions 3","3.14","59d1f4b5","513","A","Nonlinear_Functions_3/q_14.jpg","Nonlinear Functions","Advanced Math","MCQ"
"Nonlinear Functions 3","3.15","01668cd6","449","B","Nonlinear_Functions_3/q_15.jpg","Nonlinear Functions","Advanced Math","MCQ"
"Nonlinear Functions 3","3.16","635f54ee","512","B","Nonlinear_Functions_3/q_16.jpg","Nonlinear Functions","Advanced Math","MCQ"
"Nonlinear Functions 3","3.17","de39858a","396","C","Nonlinear_Functions_3/q_17.jpg","Nonlinear Functions","Advanced Math","MCQ"
"Nonlinear Functions 3","3.18","1178f2df","398","-2112","Nonlinear_Functions_3/q_18.jpg","Nonlinear Functions","Advanced Math","SPR"
"Nonlinear Functions 3","3.19","84e8cc72","470","C","Nonlinear_Functions_3/q_19.jpg","Nonlinear Functions","Advanced Math","MCQ"
"Nonlinear Functions 3","3.20","4b642eef","403","450","Nonlinear_Functions_3/q_20.jpg","Nonlinear Functions","Advanced Math","SPR"
"Nonlinear Functions 3","3.21","9f2ecade","280","210","Nonlinear_Functions_3/q_21.jpg","Nonlinear Functions","Advanced Math","SPR"
"Nonlinear Functions 3","3.22","6f5540a5","635","D","Nonlinear_Functions_3/q_22.jpg","Nonlinear Functions","Advanced Math","MCQ"
"Nonlinear Functions 3","3.23","b73ee6cf","472","D","Nonlinear_Functions_3/q_23.jpg","Nonlinear Functions","Advanced Math","MCQ"
"Nonlinear Functions 3","3.24","7eed640d","488","D","Nonlinear_Functions_3/q_24.jpg","Nonlinear Functions","Advanced Math","MCQ"
"Nonlinear Functions 3","3.25","43926bd9","481","8","Nonlinear_Functions_3/q_25.jpg","Nonlinear Functions","Advanced Math","SPR"
"Nonlinear Functions 3","3.26","a7711fe8","474","A","Nonlinear_Functions_3/q_26.jpg","Nonlinear Functions","Advanced Math","MCQ"
"Nonlinear Functions 3","3.27","1a722d7d","439","D","Nonlinear_Functions_3/q_27.jpg","Nonlinear Functions","Advanced Math","MCQ"
"Nonlinear Functions 3","3.28","70fb357b","486","A","Nonlinear_Functions_3/q_28.jpg","Nonlinear Functions","Advanced Math","MCQ"
"Nonlinear Functions 3","3.29","ce508fb0","253","-4.9","Nonlinear_Functions_3/q_29.jpg","Nonlinear Functions","Advanced Math","SPR"
"Nonlinear Functions 3","3.30","1fe10d97","426","D","Nonlinear_Functions_3/q_30.jpg","Nonlinear Functions","Advanced Math","MCQ"
"Nonlinear Functions 3","3.31","ce579859","469","B","Nonlinear_Functions_3/q_31.jpg","Nonlinear Functions","Advanced Math","MCQ"
"Nonlinear Functions 3","3.32","6d9e01a2","243","6.25","Nonlinear_Functions_3/q_32.jpg","Nonlinear Functions","Advanced Math","SPR"
"Nonlinear Functions 3","3.33","bba18ecb","402","B","Nonlinear_Functions_3/q_33.jpg","Nonlinear Functions","Advanced Math","MCQ"
"Nonlinear Functions 3","3.34","abcd0003","606","B","Nonlinear_Functions_3/q_34.jpg","Nonlinear Functions","Advanced Math","MCQ"
"Nonlinear Functions 3","3.35","f2d60b99","421","A","Nonlinear_Functions_3/q_35.jpg","Nonlinear Functions","Advanced Math","MCQ"
"Nonlinear Functions 3","3.36","4dd4efcf","498","D","Nonlinear_Functions_3/q_36.jpg","Nonlinear Functions","Advanced Math","MCQ"
"Nonlinear Functions 3","3.37","b7c74b73","418","C","Nonlinear_Functions_3/q_37.jpg","Nonlinear Functions","Advanced Math","MCQ"
"Nonlinear Functions 3","3.38","a58232b7","466","D","Nonlinear_Functions_3/q_38.jpg","Nonlinear Functions","Advanced Math","MCQ"
"Nonlinear Functions 3","3.39","f25a34aa","243","110","Nonlinear_Functions_3/q_39.jpg","Nonlinear Functions","Advanced Math","SPR"
"Nonlinear Functions 3","3.40","668f1863","244","-12","Nonlinear_Functions_3/q_40.jpg","Nonlinear Functions","Advanced Math","SPR"
"Nonlinear Functions 3","3.41","df71424b","818","D","Nonlinear_Functions_3/q_41.jpg","Nonlinear Functions","Advanced Math","MCQ"
"Nonlinear Functions 3","3.42","d139cf4b","474","B","Nonlinear_Functions_3/q_42.jpg","Nonlinear Functions","Advanced Math","MCQ"
"Nonlinear Functions 3","3.43","8462b105","386","C","Nonlinear_Functions_3/q_43.jpg","Nonlinear Functions","Advanced Math","MCQ"
"Nonlinear Functions 3","3.44","35e05e19","474","A","Nonlinear_Functions_3/q_44.jpg","Nonlinear Functions","Advanced Math","MCQ"
"Nonlinear Functions 3","3.45","ebed7dc6","458","B","Nonlinear_Functions_3/q_45.jpg","Nonlinear Functions","Advanced Math","MCQ"
"Nonlinear Functions 3","3.46","128c75e2","253","609","Nonlinear_Functions_3/q_46.jpg","Nonlinear Functions","Advanced Math","SPR"
"One-Variable Data 1","1.1","f890dc20","425","B","One_Variable_Data_1/q_01.jpg","One-Variable Data","PSDA","MCQ"
"One-Variable Data 1","1.2","8736334b","444","C","One_Variable_Data_1/q_02.jpg","One-Variable Data","PSDA","MCQ"
"One-Variable Data 1","1.3","c88e0663","395","A","One_Variable_Data_1/q_03.jpg","One-Variable Data","PSDA","MCQ"
"One-Variable Data 1","1.4","12dae628","393","B","One_Variable_Data_1/q_04.jpg","One-Variable Data","PSDA","MCQ"
"One-Variable Data 1","1.5","fa7a0164","510","A","One_Variable_Data_1/q_05.jpg","One-Variable Data","PSDA","MCQ"
"One-Variable Data 1","1.6","708590d7","446","D","One_Variable_Data_1/q_06.jpg","One-Variable Data","PSDA","MCQ"
"One-Variable Data 1","1.7","374b18f9","503","B","One_Variable_Data_1/q_07.jpg","One-Variable Data","PSDA","MCQ"
"One-Variable Data 1","1.8","c54b92a2","997","B","One_Variable_Data_1/q_08.jpg","One-Variable Data","PSDA","MCQ"
"One-Variable Data 1","1.9","d1db8def","702","C","One_Variable_Data_1/q_09.jpg","One-Variable Data","PSDA","MCQ"
"One-Variable Data 1","1.10","4bb25495","726","B","One_Variable_Data_1/q_10.jpg","One-Variable Data","PSDA","MCQ"
"One-Variable Data 1","1.11","79340403","532","30","One_Variable_Data_1/q_11.jpg","One-Variable Data","PSDA","SPR"
"One-Variable Data 1","1.12","a9647302","635","B","One_Variable_Data_1/q_12.jpg","One-Variable Data","PSDA","MCQ"
"One-Variable Data 1","1.13","869a32f1","507","D","One_Variable_Data_1/q_13.jpg","One-Variable Data","PSDA","MCQ"
"One-Variable Data 1","1.14","6670e407","827","C","One_Variable_Data_1/q_14.jpg","One-Variable Data","PSDA","MCQ"
"One-Variable Data 1","1.15","57481175","992","B","One_Variable_Data_1/q_15.jpg","One-Variable Data","PSDA","MCQ"
"One-Variable Data 1","1.16","6e3ab4bf","907","D","One_Variable_Data_1/q_16.jpg","One-Variable Data","PSDA","MCQ"
"One-Variable Data 1","1.17","4b09f783","263","10","One_Variable_Data_1/q_17.jpg","One-Variable Data","PSDA","SPR"
"One-Variable Data 1","1.18","52f9a246","916","A","One_Variable_Data_1/q_18.jpg","One-Variable Data","PSDA","MCQ"
"One-Variable Data 1","1.19","66f03086","393","B","One_Variable_Data_1/q_19.jpg","One-Variable Data","PSDA","MCQ"
"One-Variable Data 1","1.20","93779b53","725","B","One_Variable_Data_1/q_20.jpg","One-Variable Data","PSDA","MCQ"
"One-Variable Data 1","1.21","a067c926","877","D","One_Variable_Data_1/q_21.jpg","One-Variable Data","PSDA","MCQ"
"One-Variable Data 2","2.1","4c774b00","760","A","One_Variable_Data_2/q_01.jpg","One-Variable Data","PSDA","MCQ"
"One-Variable Data 2","2.2","3f2ee20a","540","C","One_Variable_Data_2/q_02.jpg","One-Variable Data","PSDA","MCQ"
"One-Variable Data 2","2.3","d0efc1dd","417","A","One_Variable_Data_2/q_03.jpg","One-Variable Data","PSDA","MCQ"
"One-Variable Data 2","2.4","07f2829b","834","1.3","One_Variable_Data_2/q_04.jpg","One-Variable Data","PSDA","SPR"
"One-Variable Data 2","2.5","7b65bb28","506","C","One_Variable_Data_2/q_05.jpg","One-Variable Data","PSDA","MCQ"
"One-Variable Data 2","2.6","be00d896","395","C","One_Variable_Data_2/q_06.jpg","One-Variable Data","PSDA","MCQ"
"One-Variable Data 2","2.7","5c3c2e3c","466","B","One_Variable_Data_2/q_07.jpg","One-Variable Data","PSDA","MCQ"
"One-Variable Data 2","2.8","9110c120","444","A","One_Variable_Data_2/q_08.jpg","One-Variable Data","PSDA","MCQ"
"One-Variable Data 2","2.9","881ef5f5","243","0","One_Variable_Data_2/q_09.jpg","One-Variable Data","PSDA","SPR"
"One-Variable Data 2","2.10","9e2bf782","491","B","One_Variable_Data_2/q_10.jpg","One-Variable Data","PSDA","MCQ"
"One-Variable Data 2","2.11","8193e8cd","272","0.2","One_Variable_Data_2/q_11.jpg","One-Variable Data","PSDA","SPR"
"One-Variable Data 2","2.12","25fc031a","933","A","One_Variable_Data_2/q_12.jpg","One-Variable Data","PSDA","MCQ"
"One-Variable Data 2","2.13","578e26ae","663","A","One_Variable_Data_2/q_13.jpg","One-Variable Data","PSDA","MCQ"
"One-Variable Data 3","3.1","457d2f2c","491","D","One_Variable_Data_3/q_01.jpg","One-Variable Data","PSDA","MCQ"
"One-Variable Data 3","3.2","1142af44","649","A","One_Variable_Data_3/q_02.jpg","One-Variable Data","PSDA","MCQ"
"One-Variable Data 3","3.3","651d83bb","609","A","One_Variable_Data_3/q_03.jpg","One-Variable Data","PSDA","MCQ"
"One-Variable Data 3","3.4","1e8ccffd","418","C","One_Variable_Data_3/q_04.jpg","One-Variable Data","PSDA","MCQ"
"One-Variable Data 3","3.5","bf47ad54","1045","A","One_Variable_Data_3/q_05.jpg","One-Variable Data","PSDA","MCQ"
"One-Variable Data 3","3.6","4ff597db","466","D","One_Variable_Data_3/q_06.jpg","One-Variable Data","PSDA","MCQ"
"One-Variable Data 3","3.7","391ae4b2","449","D","One_Variable_Data_3/q_07.jpg","One-Variable Data","PSDA","MCQ"
"One-Variable Data 3","3.8","9d935bd8","722","B","One_Variable_Data_3/q_08.jpg","One-Variable Data","PSDA","MCQ"
"One-Variable Data 3","3.9","54d93874","432","2.6","One_Variable_Data_3/q_09.jpg","One-Variable Data","PSDA","SPR"
"One-Variable Data 3","3.10","94237701","862","1","One_Variable_Data_3/q_10.jpg","One-Variable Data","PSDA","SPR"
"One-Variable Data 3","3.11","e7d48c8a","681","C","One_Variable_Data_3/q_11.jpg","One-Variable Data","PSDA","MCQ"
"One-Variable Data 3","3.12","98958ae8","266","41","One_Variable_Data_3/q_12.jpg","One-Variable Data","PSDA","SPR"
"One-Variable Data 3","3.13","190be2fc","291","52","One_Variable_Data_3/q_13.jpg","One-Variable Data","PSDA","SPR"
"One-Variable Data 3","3.14","c178d4da","627","A","One_Variable_Data_3/q_14.jpg","One-Variable Data","PSDA","MCQ"
"One-Variable Data 3","3.15","d3b9c8d8","540","C","One_Variable_Data_3/q_15.jpg","One-Variable Data","PSDA","MCQ"
"Percentages 1","1.1","bd90f87e","856","B","Percentages_1/q_01.jpg","Percentages","PSDA","MCQ"
"Percentages 1","1.2","8705ecba","394","C","Percentages_1/q_02.jpg","Percentages","PSDA","MCQ"
"Percentages 1","1.3","191d167b","393","B","Percentages_1/q_03.jpg","Percentages","PSDA","MCQ"
"Percentages 1","1.4","bb7c8186","369","A","Percentages_1/q_04.jpg","Percentages","PSDA","MCQ"
"Percentages 1","1.5","949cd96b","393","D","Percentages_1/q_05.jpg","Percentages","PSDA","MCQ"
"Percentages 1","1.6","28c6bd8c","611","C","Percentages_1/q_06.jpg","Percentages","PSDA","MCQ"
"Percentages 1","1.7","7ed0d098","393","D","Percentages_1/q_07.jpg","Percentages","PSDA","MCQ"
"Percentages 1","1.8","77cf4fa6","242","17","Percentages_1/q_08.jpg","Percentages","PSDA","SPR"
"Percentages 1","1.9","2d31caae","726","B","Percentages_1/q_09.jpg","Percentages","PSDA","MCQ"
"Percentages 1","1.10","194ae3b1","469","D","Percentages_1/q_10.jpg","Percentages","PSDA","MCQ"
"Percentages 1","1.11","a8fabad0","419","C","Percentages_1/q_11.jpg","Percentages","PSDA","MCQ"
"Percentages 1","1.12","1c2f50a6","418","D","Percentages_1/q_12.jpg","Percentages","PSDA","MCQ"
"Percentages 1","1.13","048811bd","369","B","Percentages_1/q_13.jpg","Percentages","PSDA","MCQ"
"Percentages 1","1.14","6e4a60dd","394","D","Percentages_1/q_14.jpg","Percentages","PSDA","MCQ"
"Percentages 1","1.15","41b71b4e","393","B","Percentages_1/q_15.jpg","Percentages","PSDA","MCQ"
"Percentages 1","1.16","93724cc6","391","D","Percentages_1/q_16.jpg","Percentages","PSDA","MCQ"
"Percentages 1","1.17","3a6ed720","369","D","Percentages_1/q_17.jpg","Percentages","PSDA","MCQ"
"Percentages 1","1.18","29c177e6","369","B","Percentages_1/q_18.jpg","Percentages","PSDA","MCQ"
"Percentages 1","1.19","e9fb7774","369","A","Percentages_1/q_19.jpg","Percentages","PSDA","MCQ"
"Percentages 1","1.20","34e18ce4","382","B","Percentages_1/q_20.jpg","Percentages","PSDA","MCQ"
"Percentages 2","2.1","707db2d3","542","D","Percentages_2/q_01.jpg","Percentages","PSDA","MCQ"
"Percentages 2","2.2","63573fea","469","C","Percentages_2/q_02.jpg","Percentages","PSDA","MCQ"
"Percentages 2","2.3","8a714fa1","471","A","Percentages_2/q_03.jpg","Percentages","PSDA","MCQ"
"Percentages 2","2.4","8e2e424e","393","C","Percentages_2/q_04.jpg","Percentages","PSDA","MCQ"
"Percentages 2","2.5","709e04de","369","B","Percentages_2/q_05.jpg","Percentages","PSDA","MCQ"
"Percentages 2","2.6","8cbf1415","394","B","Percentages_2/q_06.jpg","Percentages","PSDA","MCQ"
"Percentages 2","2.7","96a45430","393","C","Percentages_2/q_07.jpg","Percentages","PSDA","MCQ"
"Percentages 2","2.8","b2f6f17d","418","D","Percentages_2/q_08.jpg","Percentages","PSDA","MCQ"
"Percentages 2","2.9","94c65646","216","450","Percentages_2/q_09.jpg","Percentages","PSDA","SPR"
"Percentages 2","2.10","7b731fc3","217","161","Percentages_2/q_10.jpg","Percentages","PSDA","SPR"
"Percentages 2","2.11","566759ef","467","B","Percentages_2/q_11.jpg","Percentages","PSDA","MCQ"
"Percentages 2","2.12","ad1d6adb","414","D","Percentages_2/q_12.jpg","Percentages","PSDA","MCQ"
"Percentages 2","2.13","e9f4521a","217","52","Percentages_2/q_13.jpg","Percentages","PSDA","SPR"
"Percentages 2","2.14","7f84b136","487","184","Percentages_2/q_14.jpg","Percentages","PSDA","SPR"
"Percentages 2","2.15","022e9894","328","324","Percentages_2/q_15.jpg","Percentages","PSDA","SPR"
"Percentages 3","3.1","954943a4","617","B","Percentages_3/q_01.jpg","Percentages","PSDA","MCQ"
"Percentages 3","3.2","65c49824","337","8","Percentages_3/q_02.jpg","Percentages","PSDA","SPR"
"Percentages 3","3.3","0ea56bb2","623","B","Percentages_3/q_03.jpg","Percentages","PSDA","MCQ"
"Percentages 3","3.4","0231050d","475","75","Percentages_3/q_04.jpg","Percentages","PSDA","SPR"
"Percentages 3","3.5","67c0200a","242","0.54","Percentages_3/q_05.jpg","Percentages","PSDA","SPR"
"Percentages 3","3.6","55818046","970","A","Percentages_3/q_06.jpg","Percentages","PSDA","MCQ"
"Percentages 3","3.7","20845d36","242","0.48","Percentages_3/q_07.jpg","Percentages","PSDA","SPR"
"Percentages 3","3.8","8c5dbd3e","217","47.25","Percentages_3/q_08.jpg","Percentages","PSDA","SPR"
"Percentages 3","3.9","8213b1b3","266","0.0014","Percentages_3/q_09.jpg","Percentages","PSDA","SPR"
"Percentages 3","3.10","34f8cd89","418","C","Percentages_3/q_10.jpg","Percentages","PSDA","MCQ"
"Percentages 3","3.11","25faa756","242","0.88","Percentages_3/q_11.jpg","Percentages","PSDA","SPR"
"Percentages 3","3.12","ad911622","417","A","Percentages_3/q_12.jpg","Percentages","PSDA","MCQ"
"Percentages 3","3.13","ba0e23b0","391","B","Percentages_3/q_13.jpg","Percentages","PSDA","MCQ"
"Percentages 3","3.14","2afd3cec","418","B","Percentages_3/q_14.jpg","Percentages","PSDA","MCQ"
"Percentages 3","3.15","1fbd3b67","391","B","Percentages_3/q_15.jpg","Percentages","PSDA","MCQ"
"Percentages 3","3.16","2e92cc21","211","9.87","Percentages_3/q_16.jpg","Percentages","PSDA","SPR"
"Percentages 3","3.17","623dbebb","269","4.05","Percentages_3/q_17.jpg","Percentages","PSDA","SPR"
"Probability 1","1.1","1353b86e","763","D","Probability_1/q_01.jpg","Probability","PSDA","MCQ"
"Probability 1","1.2","d89c1513","746","D","Probability_1/q_02.jpg","Probability","PSDA","MCQ"
"Probability 1","1.3","46545dd6","811","B","Probability_1/q_03.jpg","Probability","PSDA","MCQ"
"Probability 1","1.4","16cea46c","610","B","Probability_1/q_04.jpg","Probability","PSDA","MCQ"
"Probability 1","1.5","b680e76d","504","B","Probability_1/q_05.jpg","Probability","PSDA","MCQ"
"Probability 1","1.6","60caadfd","582","D","Probability_1/q_06.jpg","Probability","PSDA","MCQ"
"Probability 1","1.7","e5b5fbdd","549","C","Probability_1/q_07.jpg","Probability","PSDA","MCQ"
"Probability 1","1.8","ec7b0eb8","840","B","Probability_1/q_08.jpg","Probability","PSDA","MCQ"
"Probability 1","1.9","12dbe3de","417","A","Probability_1/q_09.jpg","Probability","PSDA","MCQ"
"Probability 1","1.10","2a08d878","502","B","Probability_1/q_10.jpg","Probability","PSDA","MCQ"
"Probability 1","1.11","1dcea480","417","A","Probability_1/q_11.jpg","Probability","PSDA","MCQ"
"Probability 1","1.12","4e527894","403","B","Probability_1/q_12.jpg","Probability","PSDA","MCQ"
"Probability 1","1.13","0a99e5bb","444","B","Probability_1/q_13.jpg","Probability","PSDA","MCQ"
"Probability 1","1.14","dae79de4","637","D","Probability_1/q_14.jpg","Probability","PSDA","MCQ"
"Probability 2","2.1","b1b5300b","788","A","Probability_2/q_01.jpg","Probability","PSDA","MCQ"
"Probability 2","2.2","e1ad3d41","716","D","Probability_2/q_02.jpg","Probability","PSDA","MCQ"
"Probability 2","2.3","0301c5dc","704","A","Probability_2/q_03.jpg","Probability","PSDA","MCQ"
"Probability 2","2.4","0ae37ff3","403","D","Probability_2/q_04.jpg","Probability","PSDA","MCQ"
"Probability 2","2.5","2df8f293","266","1/14","Probability_2/q_05.jpg","Probability","PSDA","SPR"
"Probability 2","2.6","912cd125","769","B","Probability_2/q_06.jpg","Probability","PSDA","MCQ"
"Probability 2","2.7","30db8f77","291","88","Probability_2/q_07.jpg","Probability","PSDA","SPR"
"Probability 2","2.8","38a9ac45","480","B","Probability_2/q_08.jpg","Probability","PSDA","MCQ"
"Probability 2","2.9","b6569d0e","920","B","Probability_2/q_09.jpg","Probability","PSDA","MCQ"
"Probability 2","2.10","a3384df0","789","A","Probability_2/q_10.jpg","Probability","PSDA","MCQ"
"Probability 2","2.11","46b2e169","242","0.26","Probability_2/q_11.jpg","Probability","PSDA","SPR"
"Probability 2","2.12","f8696cd8","756","B","Probability_2/q_12.jpg","Probability","PSDA","MCQ"
"Probability 2","2.13","e9ed719f","421","0.3","Probability_2/q_13.jpg","Probability","PSDA","SPR"
"Probability 3","3.1","e29586d5","725","5/7","Probability_3/q_01.jpg","Probability","PSDA","SPR"
"Probability 3","3.2","d4413871","543","8","Probability_3/q_02.jpg","Probability","PSDA","SPR"
"Probability 3","3.3","6626cac3","704","1/3","Probability_3/q_03.jpg","Probability","PSDA","SPR"
"Probability 3","3.4","585de39a","389","42","Probability_3/q_04.jpg","Probability","PSDA","SPR"
"Probability 3","3.5","6a715bed","484","23/60","Probability_3/q_05.jpg","Probability","PSDA","SPR"
"Probability 3","3.6","5dc386fb","610","C","Probability_3/q_06.jpg","Probability","PSDA","MCQ"
"Probability 3","3.7","ecd09c38","729","B","Probability_3/q_07.jpg","Probability","PSDA","MCQ"
"Probability 3","3.8","89f20d9e","642","B","Probability_3/q_08.jpg","Probability","PSDA","MCQ"
"Probability 3","3.9","014c47ab","465","0.7","Probability_3/q_09.jpg","Probability","PSDA","SPR"
"Ratios, Rates, Proportions, and Units 1","1.1","3f5398a6","466","D","Ratios__Rates__Proportions__and_Units_1/q_01.jpg","Ratios, Rates, Proportions, and Units","PSDA","MCQ"
"Ratios, Rates, Proportions, and Units 1","1.2","000259aa","442","C","Ratios__Rates__Proportions__and_Units_1/q_02.jpg","Ratios, Rates, Proportions, and Units","PSDA","MCQ"
"Ratios, Rates, Proportions, and Units 1","1.3","312ba47c","393","A","Ratios__Rates__Proportions__and_Units_1/q_03.jpg","Ratios, Rates, Proportions, and Units","PSDA","MCQ"
"Ratios, Rates, Proportions, and Units 1","1.4","15617f62","393","C","Ratios__Rates__Proportions__and_Units_1/q_04.jpg","Ratios, Rates, Proportions, and Units","PSDA","MCQ"
"Ratios, Rates, Proportions, and Units 1","1.5","be35c117","396","A","Ratios__Rates__Proportions__and_Units_1/q_05.jpg","Ratios, Rates, Proportions, and Units","PSDA","MCQ"
"Ratios, Rates, Proportions, and Units 1","1.6","3f236a64","586","D","Ratios__Rates__Proportions__and_Units_1/q_06.jpg","Ratios, Rates, Proportions, and Units","PSDA","MCQ"
"Ratios, Rates, Proportions, and Units 1","1.7","6310adbc","401","D","Ratios__Rates__Proportions__and_Units_1/q_07.jpg","Ratios, Rates, Proportions, and Units","PSDA","MCQ"
"Ratios, Rates, Proportions, and Units 1","1.8","aeeaec96","372","B","Ratios__Rates__Proportions__and_Units_1/q_08.jpg","Ratios, Rates, Proportions, and Units","PSDA","MCQ"
"Ratios, Rates, Proportions, and Units 1","1.9","e9841407","393","A","Ratios__Rates__Proportions__and_Units_1/q_09.jpg","Ratios, Rates, Proportions, and Units","PSDA","MCQ"
"Ratios, Rates, Proportions, and Units 1","1.10","ba62b0b0","369","A","Ratios__Rates__Proportions__and_Units_1/q_10.jpg","Ratios, Rates, Proportions, and Units","PSDA","MCQ"
"Ratios, Rates, Proportions, and Units 1","1.11","24ad9dcb","502","C","Ratios__Rates__Proportions__and_Units_1/q_11.jpg","Ratios, Rates, Proportions, and Units","PSDA","MCQ"
"Ratios, Rates, Proportions, and Units 1","1.12","d0d9ede4","219","102","Ratios__Rates__Proportions__and_Units_1/q_12.jpg","Ratios, Rates, Proportions, and Units","PSDA","SPR"
"Ratios, Rates, Proportions, and Units 1","1.13","06a152cd","417","A","Ratios__Rates__Proportions__and_Units_1/q_13.jpg","Ratios, Rates, Proportions, and Units","PSDA","MCQ"
"Ratios, Rates, Proportions, and Units 1","1.14","3ac09984","573","A","Ratios__Rates__Proportions__and_Units_1/q_14.jpg","Ratios, Rates, Proportions, and Units","PSDA","MCQ"
"Ratios, Rates, Proportions, and Units 1","1.15","99550621","420","B","Ratios__Rates__Proportions__and_Units_1/q_15.jpg","Ratios, Rates, Proportions, and Units","PSDA","MCQ"
"Ratios, Rates, Proportions, and Units 1","1.16","808f7d6c","453","A","Ratios__Rates__Proportions__and_Units_1/q_16.jpg","Ratios, Rates, Proportions, and Units","PSDA","MCQ"
"Ratios, Rates, Proportions, and Units 1","1.17","4347a032","369","C","Ratios__Rates__Proportions__and_Units_1/q_17.jpg","Ratios, Rates, Proportions, and Units","PSDA","MCQ"
"Ratios, Rates, Proportions, and Units 1","1.18","3318d37b","223","66","Ratios__Rates__Proportions__and_Units_1/q_18.jpg","Ratios, Rates, Proportions, and Units","PSDA","SPR"
"Ratios, Rates, Proportions, and Units 1","1.19","4837406c","246","4","Ratios__Rates__Proportions__and_Units_1/q_19.jpg","Ratios, Rates, Proportions, and Units","PSDA","SPR"
"Ratios, Rates, Proportions, and Units 1","1.20","94660ba8","247","14.1","Ratios__Rates__Proportions__and_Units_1/q_20.jpg","Ratios, Rates, Proportions, and Units","PSDA","SPR"
"Ratios, Rates, Proportions, and Units 1","1.21","551c52b9","388","A","Ratios__Rates__Proportions__and_Units_1/q_21.jpg","Ratios, Rates, Proportions, and Units","PSDA","MCQ"
"Ratios, Rates, Proportions, and Units 1","1.22","7cd1c6db","393","A","Ratios__Rates__Proportions__and_Units_1/q_22.jpg","Ratios, Rates, Proportions, and Units","PSDA","MCQ"
"Ratios, Rates, Proportions, and Units 1","1.23","86636d8f","242","9","Ratios__Rates__Proportions__and_Units_1/q_23.jpg","Ratios, Rates, Proportions, and Units","PSDA","SPR"
"Ratios, Rates, Proportions, and Units 2","2.1","d28c29e1","420","D","Ratios__Rates__Proportions__and_Units_2/q_01.jpg","Ratios, Rates, Proportions, and Units","PSDA","MCQ"
"Ratios, Rates, Proportions, and Units 2","2.2","b4912cc5","444","D","Ratios__Rates__Proportions__and_Units_2/q_02.jpg","Ratios, Rates, Proportions, and Units","PSDA","MCQ"
"Ratios, Rates, Proportions, and Units 2","2.3","8e528129","291","4.44","Ratios__Rates__Proportions__and_Units_2/q_03.jpg","Ratios, Rates, Proportions, and Units","PSDA","SPR"
"Ratios, Rates, Proportions, and Units 2","2.4","fea831fc","315","25.4","Ratios__Rates__Proportions__and_Units_2/q_04.jpg","Ratios, Rates, Proportions, and Units","PSDA","SPR"
"Ratios, Rates, Proportions, and Units 2","2.5","181cc4d6","479","A","Ratios__Rates__Proportions__and_Units_2/q_05.jpg","Ratios, Rates, Proportions, and Units","PSDA","MCQ"
"Ratios, Rates, Proportions, and Units 2","2.6","445dd032","458","A","Ratios__Rates__Proportions__and_Units_2/q_06.jpg","Ratios, Rates, Proportions, and Units","PSDA","MCQ"
"Ratios, Rates, Proportions, and Units 2","2.7","939c46d1","589","B","Ratios__Rates__Proportions__and_Units_2/q_07.jpg","Ratios, Rates, Proportions, and Units","PSDA","MCQ"
"Ratios, Rates, Proportions, and Units 2","2.8","e21d10a7","266","1015","Ratios__Rates__Proportions__and_Units_2/q_08.jpg","Ratios, Rates, Proportions, and Units","PSDA","SPR"
"Ratios, Rates, Proportions, and Units 2","2.9","8917ce38","395","A","Ratios__Rates__Proportions__and_Units_2/q_09.jpg","Ratios, Rates, Proportions, and Units","PSDA","MCQ"
"Ratios, Rates, Proportions, and Units 2","2.10","ec787383","219","40260","Ratios__Rates__Proportions__and_Units_2/q_10.jpg","Ratios, Rates, Proportions, and Units","PSDA","SPR"
"Ratios, Rates, Proportions, and Units 2","2.11","7e6c745f","543","D","Ratios__Rates__Proportions__and_Units_2/q_11.jpg","Ratios, Rates, Proportions, and Units","PSDA","MCQ"
"Ratios, Rates, Proportions, and Units 2","2.12","873d2838","242","370","Ratios__Rates__Proportions__and_Units_2/q_12.jpg","Ratios, Rates, Proportions, and Units","PSDA","SPR"
"Ratios, Rates, Proportions, and Units 2","2.13","73ddfdac","219","73920","Ratios__Rates__Proportions__and_Units_2/q_13.jpg","Ratios, Rates, Proportions, and Units","PSDA","SPR"
"Ratios, Rates, Proportions, and Units 2","2.14","61b87506","239","17","Ratios__Rates__Proportions__and_Units_2/q_14.jpg","Ratios, Rates, Proportions, and Units","PSDA","SPR"
"Ratios, Rates, Proportions, and Units 2","2.15","eb672707","219","14/3","Ratios__Rates__Proportions__and_Units_2/q_15.jpg","Ratios, Rates, Proportions, and Units","PSDA","SPR"
"Ratios, Rates, Proportions, and Units 2","2.16","cb4894f9","267","34672","Ratios__Rates__Proportions__and_Units_2/q_16.jpg","Ratios, Rates, Proportions, and Units","PSDA","SPR"
"Ratios, Rates, Proportions, and Units 2","2.17","1180401d","444","B","Ratios__Rates__Proportions__and_Units_2/q_17.jpg","Ratios, Rates, Proportions, and Units","PSDA","MCQ"
"Ratios, Rates, Proportions, and Units 2","2.18","f6cbb04a","585","A","Ratios__Rates__Proportions__and_Units_2/q_18.jpg","Ratios, Rates, Proportions, and Units","PSDA","MCQ"
"Ratios, Rates, Proportions, and Units 2","2.19","89c39d77","243","35728","Ratios__Rates__Proportions__and_Units_2/q_19.jpg","Ratios, Rates, Proportions, and Units","PSDA","SPR"
"Ratios, Rates, Proportions, and Units 2","2.20","3310c2ab","224","2432","Ratios__Rates__Proportions__and_Units_2/q_20.jpg","Ratios, Rates, Proportions, and Units","PSDA","SPR"
"Ratios, Rates, Proportions, and Units 2","2.21","674a4084","391","A","Ratios__Rates__Proportions__and_Units_2/q_21.jpg","Ratios, Rates, Proportions, and Units","PSDA","MCQ"
"Ratios, Rates, Proportions, and Units 2","2.22","825b7490","223","980","Ratios__Rates__Proportions__and_Units_2/q_22.jpg","Ratios, Rates, Proportions, and Units","PSDA","SPR"
"Ratios, Rates, Proportions, and Units 2","2.23","51c9d65f","396","B","Ratios__Rates__Proportions__and_Units_2/q_23.jpg","Ratios, Rates, Proportions, and Units","PSDA","MCQ"
"Ratios, Rates, Proportions, and Units 2","2.24","1d945139","407","D","Ratios__Rates__Proportions__and_Units_2/q_24.jpg","Ratios, Rates, Proportions, and Units","PSDA","MCQ"
"Ratios, Rates, Proportions, and Units 3","3.1","c9fb15ad","970","C","Ratios__Rates__Proportions__and_Units_3/q_01.jpg","Ratios, Rates, Proportions, and Units","PSDA","MCQ"
"Ratios, Rates, Proportions, and Units 3","3.2","3638f413","288","30","Ratios__Rates__Proportions__and_Units_3/q_02.jpg","Ratios, Rates, Proportions, and Units","PSDA","SPR"
"Ratios, Rates, Proportions, and Units 3","3.3","3f775bbf","980","D","Ratios__Rates__Proportions__and_Units_3/q_03.jpg","Ratios, Rates, Proportions, and Units","PSDA","MCQ"
"Ratios, Rates, Proportions, and Units 3","3.4","8637294f","221","0.0625","Ratios__Rates__Proportions__and_Units_3/q_04.jpg","Ratios, Rates, Proportions, and Units","PSDA","SPR"
"Ratios, Rates, Proportions, and Units 3","3.5","7d721177","418","B","Ratios__Rates__Proportions__and_Units_3/q_05.jpg","Ratios, Rates, Proportions, and Units","PSDA","MCQ"
"Ratios, Rates, Proportions, and Units 3","3.6","20b69297","444","D","Ratios__Rates__Proportions__and_Units_3/q_06.jpg","Ratios, Rates, Proportions, and Units","PSDA","MCQ"
"Ratios, Rates, Proportions, and Units 3","3.7","5154615f","262","6.21","Ratios__Rates__Proportions__and_Units_3/q_07.jpg","Ratios, Rates, Proportions, and Units","PSDA","SPR"
"Ratios, Rates, Proportions, and Units 3","3.8","d6456c7a","397","B","Ratios__Rates__Proportions__and_Units_3/q_08.jpg","Ratios, Rates, Proportions, and Units","PSDA","MCQ"
"Ratios, Rates, Proportions, and Units 3","3.9","11b06e35","437","A","Ratios__Rates__Proportions__and_Units_3/q_09.jpg","Ratios, Rates, Proportions, and Units","PSDA","MCQ"
"Ratios, Rates, Proportions, and Units 3","3.10","61f61789","269","0.32","Ratios__Rates__Proportions__and_Units_3/q_10.jpg","Ratios, Rates, Proportions, and Units","PSDA","SPR"
"Right Triangles and Trigonometry 1","1.1","e6f2ace7","816","C","Right_Triangles_and_Trigonometry_1/q_01.jpg","Right Triangles and Trigonometry","Geometry and Trig","MCQ"
"Right Triangles and Trigonometry 1","1.2","145337bc","724","A","Right_Triangles_and_Trigonometry_1/q_02.jpg","Right Triangles and Trigonometry","Geometry and Trig","MCQ"
"Right Triangles and Trigonometry 1","1.3","a6097ec2","730","C","Right_Triangles_and_Trigonometry_1/q_03.jpg","Right Triangles and Trigonometry","Geometry and Trig","MCQ"
"Right Triangles and Trigonometry 1","1.4","bbaac300","413","A","Right_Triangles_and_Trigonometry_1/q_04.jpg","Right Triangles and Trigonometry","Geometry and Trig","MCQ"
"Right Triangles and Trigonometry 1","1.5","36661021","724","B","Right_Triangles_and_Trigonometry_1/q_05.jpg","Right Triangles and Trigonometry","Geometry and Trig","MCQ"
"Right Triangles and Trigonometry 2","2.1","902dc959","618","C","Right_Triangles_and_Trigonometry_2/q_01.jpg","Right Triangles and Trigonometry","Geometry and Trig","MCQ"
"Right Triangles and Trigonometry 2","2.2","de550be0","696","A","Right_Triangles_and_Trigonometry_2/q_02.jpg","Right Triangles and Trigonometry","Geometry and Trig","MCQ"
"Right Triangles and Trigonometry 2","2.3","9ec76b54","397","B","Right_Triangles_and_Trigonometry_2/q_03.jpg","Right Triangles and Trigonometry","Geometry and Trig","MCQ"
"Right Triangles and Trigonometry 2","2.4","bf8d843e","548","B","Right_Triangles_and_Trigonometry_2/q_04.jpg","Right Triangles and Trigonometry","Geometry and Trig","MCQ"
"Right Triangles and Trigonometry 2","2.5","a5aee181","394","B","Right_Triangles_and_Trigonometry_2/q_05.jpg","Right Triangles and Trigonometry","Geometry and Trig","MCQ"
"Right Triangles and Trigonometry 2","2.6","13d9a1c3","315","4","Right_Triangles_and_Trigonometry_2/q_06.jpg","Right Triangles and Trigonometry","Geometry and Trig","SPR"
"Right Triangles and Trigonometry 2","2.7","a71617d3","561","45","Right_Triangles_and_Trigonometry_2/q_07.jpg","Right Triangles and Trigonometry","Geometry and Trig","SPR"
"Right Triangles and Trigonometry 2","2.8","5a7e3b46","450","B","Right_Triangles_and_Trigonometry_2/q_08.jpg","Right Triangles and Trigonometry","Geometry and Trig","MCQ"
"Right Triangles and Trigonometry 2","2.9","659cb706","724","D","Right_Triangles_and_Trigonometry_2/q_09.jpg","Right Triangles and Trigonometry","Geometry and Trig","MCQ"
"Right Triangles and Trigonometry 3","3.1","bd87bc09","446","24","Right_Triangles_and_Trigonometry_3/q_01.jpg","Right Triangles and Trigonometry","Geometry and Trig","SPR"
"Right Triangles and Trigonometry 3","3.2","1429dcdf","543","16/23","Right_Triangles_and_Trigonometry_3/q_02.jpg","Right Triangles and Trigonometry","Geometry and Trig","SPR"
"Right Triangles and Trigonometry 3","3.3","4c95c7d4","603","C","Right_Triangles_and_Trigonometry_3/q_03.jpg","Right Triangles and Trigonometry","Geometry and Trig","MCQ"
"Right Triangles and Trigonometry 3","3.4","55bb437a","415","6","Right_Triangles_and_Trigonometry_3/q_04.jpg","Right Triangles and Trigonometry","Geometry and Trig","SPR"
"Right Triangles and Trigonometry 3","3.5","6933b3d9","317","0","Right_Triangles_and_Trigonometry_3/q_05.jpg","Right Triangles and Trigonometry","Geometry and Trig","SPR"
"Right Triangles and Trigonometry 3","3.6","6ab30ce3","398","D","Right_Triangles_and_Trigonometry_3/q_06.jpg","Right Triangles and Trigonometry","Geometry and Trig","MCQ"
"Right Triangles and Trigonometry 3","3.7","7c25b0dc","242","12","Right_Triangles_and_Trigonometry_3/q_07.jpg","Right Triangles and Trigonometry","Geometry and Trig","SPR"
"Right Triangles and Trigonometry 3","3.8","c6dff223","247","21/29","Right_Triangles_and_Trigonometry_3/q_08.jpg","Right Triangles and Trigonometry","Geometry and Trig","SPR"
"Right Triangles and Trigonometry 3","3.9","92eb236a","544","D","Right_Triangles_and_Trigonometry_3/q_09.jpg","Right Triangles and Trigonometry","Geometry and Trig","MCQ"
"Right Triangles and Trigonometry 3","3.10","2be01bd9","246","7/50","Right_Triangles_and_Trigonometry_3/q_10.jpg","Right Triangles and Trigonometry","Geometry and Trig","SPR"
"Right Triangles and Trigonometry 3","3.11","dba6a25a","417","30","Right_Triangles_and_Trigonometry_3/q_11.jpg","Right Triangles and Trigonometry","Geometry and Trig","SPR"
"Right Triangles and Trigonometry 3","3.12","25da87f8","242","12","Right_Triangles_and_Trigonometry_3/q_12.jpg","Right Triangles and Trigonometry","Geometry and Trig","SPR"
"Right Triangles and Trigonometry 3","3.13","568d66a7","395","B","Right_Triangles_and_Trigonometry_3/q_13.jpg","Right Triangles and Trigonometry","Geometry and Trig","MCQ"
"Right Triangles and Trigonometry 3","3.14","8027db3f","221","45/51","Right_Triangles_and_Trigonometry_3/q_14.jpg","Right Triangles and Trigonometry","Geometry and Trig","SPR"
"Right Triangles and Trigonometry 3","3.15","0e709a29","476","D","Right_Triangles_and_Trigonometry_3/q_15.jpg","Right Triangles and Trigonometry","Geometry and Trig","MCQ"
"Right Triangles and Trigonometry 3","3.16","ffe862a3","370","C","Right_Triangles_and_Trigonometry_3/q_16.jpg","Right Triangles and Trigonometry","Geometry and Trig","MCQ"
"Right Triangles and Trigonometry 3","3.17","14e7c1f4","407","A","Right_Triangles_and_Trigonometry_3/q_17.jpg","Right Triangles and Trigonometry","Geometry and Trig","MCQ"
"Right Triangles and Trigonometry 3","3.18","a67b9f88","562","52/53","Right_Triangles_and_Trigonometry_3/q_18.jpg","Right Triangles and Trigonometry","Geometry and Trig","SPR"
"Right Triangles and Trigonometry 3","3.19","58c26db8","409","C","Right_Triangles_and_Trigonometry_3/q_19.jpg","Right Triangles and Trigonometry","Geometry and Trig","MCQ"
"Sample Statistics and Margin of Error 1","1.1","90eed2e5","473","C","Sample_Statistics_and_Margin_of_Error_1/q_01.jpg","Sample Statistics and Margin of Error","PSDA","MCQ"
"Sample Statistics and Margin of Error 1","1.2","e7d9649f","451","B","Sample_Statistics_and_Margin_of_Error_1/q_02.jpg","Sample Statistics and Margin of Error","PSDA","MCQ"
"Sample Statistics and Margin of Error 1","1.3","f4b3672a","494","C","Sample_Statistics_and_Margin_of_Error_1/q_03.jpg","Sample Statistics and Margin of Error","PSDA","MCQ"
"Sample Statistics and Margin of Error 1","1.4","0108ac2d","515","C","Sample_Statistics_and_Margin_of_Error_1/q_04.jpg","Sample Statistics and Margin of Error","PSDA","MCQ"
"Sample Statistics and Margin of Error 1","1.5","6a305cd0","420","C","Sample_Statistics_and_Margin_of_Error_1/q_05.jpg","Sample Statistics and Margin of Error","PSDA","MCQ"
"Sample Statistics and Margin of Error 1","1.6","2c76bcce","487","A","Sample_Statistics_and_Margin_of_Error_1/q_06.jpg","Sample Statistics and Margin of Error","PSDA","MCQ"
"Sample Statistics and Margin of Error 2","2.1","53d97af5","469","D","Sample_Statistics_and_Margin_of_Error_2/q_01.jpg","Sample Statistics and Margin of Error","PSDA","MCQ"
"Sample Statistics and Margin of Error 2","2.2","f8f79e11","444","D","Sample_Statistics_and_Margin_of_Error_2/q_02.jpg","Sample Statistics and Margin of Error","PSDA","MCQ"
"Sample Statistics and Margin of Error 2","2.3","e03f3477","469","B","Sample_Statistics_and_Margin_of_Error_2/q_03.jpg","Sample Statistics and Margin of Error","PSDA","MCQ"
"Sample Statistics and Margin of Error 2","2.4","fc46af57","496","B","Sample_Statistics_and_Margin_of_Error_2/q_04.jpg","Sample Statistics and Margin of Error","PSDA","MCQ"
"Sample Statistics and Margin of Error 2","2.5","89f8d08a","469","D","Sample_Statistics_and_Margin_of_Error_2/q_05.jpg","Sample Statistics and Margin of Error","PSDA","MCQ"
"Sample Statistics and Margin of Error 2","2.6","9ee22c16","492","3540","Sample_Statistics_and_Margin_of_Error_2/q_06.jpg","Sample Statistics and Margin of Error","PSDA","SPR"
"Sample Statistics and Margin of Error 2","2.7","f04d40b2","445","C","Sample_Statistics_and_Margin_of_Error_2/q_07.jpg","Sample Statistics and Margin of Error","PSDA","MCQ"
"Sample Statistics and Margin of Error 2","2.8","1e562f24","469","A","Sample_Statistics_and_Margin_of_Error_2/q_08.jpg","Sample Statistics and Margin of Error","PSDA","MCQ"
"Sample Statistics and Margin of Error 3","3.1","85939da5","743","D","Sample_Statistics_and_Margin_of_Error_3/q_01.jpg","Sample Statistics and Margin of Error","PSDA","MCQ"
"Sample Statistics and Margin of Error 3","3.2","c7e73ece","700","94","Sample_Statistics_and_Margin_of_Error_3/q_02.jpg","Sample Statistics and Margin of Error","PSDA","SPR"
"Sample Statistics and Margin of Error 3","3.3","308084c5","585","D","Sample_Statistics_and_Margin_of_Error_3/q_03.jpg","Sample Statistics and Margin of Error","PSDA","MCQ"
"Sample Statistics and Margin of Error 3","3.4","9ba3e283","518","C","Sample_Statistics_and_Margin_of_Error_3/q_04.jpg","Sample Statistics and Margin of Error","PSDA","MCQ"
"Systems of Linear Equations 1","1.1","b86123af","670","A","Systems_of_Linear_Equations_1/q_01.jpg","Systems of Linear Equations","Algebra","MCQ"
"Systems of Linear Equations 1","1.2","b0fc3166","794","C","Systems_of_Linear_Equations_1/q_02.jpg","Systems of Linear Equations","Algebra","MCQ"
"Systems of Linear Equations 1","1.3","dba8d38a","655","A","Systems_of_Linear_Equations_1/q_03.jpg","Systems of Linear Equations","Algebra","MCQ"
"Systems of Linear Equations 1","1.4","aff28230","418","D","Systems_of_Linear_Equations_1/q_04.jpg","Systems of Linear Equations","Algebra","MCQ"
"Systems of Linear Equations 1","1.5","8abed0fb","480","B","Systems_of_Linear_Equations_1/q_05.jpg","Systems of Linear Equations","Algebra","MCQ"
"Systems of Linear Equations 1","1.6","e1259a5a","721","A","Systems_of_Linear_Equations_1/q_06.jpg","Systems of Linear Equations","Algebra","MCQ"
"Systems of Linear Equations 1","1.7","ca9bb527","422","B","Systems_of_Linear_Equations_1/q_07.jpg","Systems of Linear Equations","Algebra","MCQ"
"Systems of Linear Equations 1","1.8","ece00725","493","A","Systems_of_Linear_Equations_1/q_08.jpg","Systems of Linear Equations","Algebra","MCQ"
"Systems of Linear Equations 1","1.9","ee031767","646","B","Systems_of_Linear_Equations_1/q_09.jpg","Systems of Linear Equations","Algebra","MCQ"
"Systems of Linear Equations 1","1.10","cd33b015","457","B","Systems_of_Linear_Equations_1/q_10.jpg","Systems of Linear Equations","Algebra","MCQ"
"Systems of Linear Equations 1","1.11","0d1dca87","301","23","Systems_of_Linear_Equations_1/q_11.jpg","Systems of Linear Equations","Algebra","SPR"
"Systems of Linear Equations 1","1.12","0df106df","442","B","Systems_of_Linear_Equations_1/q_12.jpg","Systems of Linear Equations","Algebra","MCQ"
"Systems of Linear Equations 1","1.13","7d89376f","567","A","Systems_of_Linear_Equations_1/q_13.jpg","Systems of Linear Equations","Algebra","MCQ"
"Systems of Linear Equations 1","1.14","17f176ec","626","B","Systems_of_Linear_Equations_1/q_14.jpg","Systems of Linear Equations","Algebra","MCQ"
"Systems of Linear Equations 1","1.15","44d65912","624","B","Systems_of_Linear_Equations_1/q_15.jpg","Systems of Linear Equations","Algebra","MCQ"
"Systems of Linear Equations 1","1.16","4b76c7f1","444","C","Systems_of_Linear_Equations_1/q_16.jpg","Systems of Linear Equations","Algebra","MCQ"
"Systems of Linear Equations 1","1.17","e6545fa8","875","B","Systems_of_Linear_Equations_1/q_17.jpg","Systems of Linear Equations","Algebra","MCQ"
"Systems of Linear Equations 1","1.18","f5563c26","450","A","Systems_of_Linear_Equations_1/q_18.jpg","Systems of Linear Equations","Algebra","MCQ"
"Systems of Linear Equations 1","1.19","608eeb6e","418","C","Systems_of_Linear_Equations_1/q_19.jpg","Systems of Linear Equations","Algebra","MCQ"
"Systems of Linear Equations 1","1.20","317e80f9","421","A","Systems_of_Linear_Equations_1/q_20.jpg","Systems of Linear Equations","Algebra","MCQ"
"Systems of Linear Equations 1","1.21","4fb8adf7","437","A","Systems_of_Linear_Equations_1/q_21.jpg","Systems of Linear Equations","Algebra","MCQ"
"Systems of Linear Equations 2","2.1","cb8f449f","703","D","Systems_of_Linear_Equations_2/q_01.jpg","Systems of Linear Equations","Algebra","MCQ"
"Systems of Linear Equations 2","2.2","71189542","442","C","Systems_of_Linear_Equations_2/q_02.jpg","Systems of Linear Equations","Algebra","MCQ"
"Systems of Linear Equations 2","2.3","6e6a3241","774","C","Systems_of_Linear_Equations_2/q_03.jpg","Systems of Linear Equations","Algebra","MCQ"
"Systems of Linear Equations 2","2.4","f5929f7a","420","C","Systems_of_Linear_Equations_2/q_04.jpg","Systems of Linear Equations","Algebra","MCQ"
"Systems of Linear Equations 2","2.5","ed92fb68","460","C","Systems_of_Linear_Equations_2/q_05.jpg","Systems of Linear Equations","Algebra","MCQ"
"Systems of Linear Equations 2","2.6","19fdf387","409","C","Systems_of_Linear_Equations_2/q_06.jpg","Systems of Linear Equations","Algebra","MCQ"
"Systems of Linear Equations 2","2.7","c5082ce3","290","30","Systems_of_Linear_Equations_2/q_07.jpg","Systems of Linear Equations","Algebra","SPR"
"Systems of Linear Equations 2","2.8","092ad67d","418","B","Systems_of_Linear_Equations_2/q_08.jpg","Systems of Linear Equations","Algebra","MCQ"
"Systems of Linear Equations 2","2.9","e77a76ce","470","A","Systems_of_Linear_Equations_2/q_09.jpg","Systems of Linear Equations","Algebra","MCQ"
"Systems of Linear Equations 2","2.10","5e422ff9","527","D","Systems_of_Linear_Equations_2/q_10.jpg","Systems of Linear Equations","Algebra","MCQ"
"Systems of Linear Equations 2","2.11","2704399f","760","A","Systems_of_Linear_Equations_2/q_11.jpg","Systems of Linear Equations","Algebra","MCQ"
"Systems of Linear Equations 2","2.12","b544a348","301","7","Systems_of_Linear_Equations_2/q_12.jpg","Systems of Linear Equations","Algebra","SPR"
"Systems of Linear Equations 2","2.13","e53688cb","267","18","Systems_of_Linear_Equations_2/q_13.jpg","Systems of Linear Equations","Algebra","SPR"
"Systems of Linear Equations 2","2.14","e3bbde69","459","B","Systems_of_Linear_Equations_2/q_14.jpg","Systems of Linear Equations","Algebra","MCQ"
"Systems of Linear Equations 2","2.15","a0489274","454","B","Systems_of_Linear_Equations_2/q_15.jpg","Systems of Linear Equations","Algebra","MCQ"
"Systems of Linear Equations 2","2.16","7efe5495","418","C","Systems_of_Linear_Equations_2/q_16.jpg","Systems of Linear Equations","Algebra","MCQ"
"Systems of Linear Equations 2","2.17","0dd6227f","369","B","Systems_of_Linear_Equations_2/q_17.jpg","Systems of Linear Equations","Algebra","MCQ"
"Systems of Linear Equations 2","2.18","2875ba81","418","A","Systems_of_Linear_Equations_2/q_18.jpg","Systems of Linear Equations","Algebra","MCQ"
"Systems of Linear Equations 2","2.19","686b7cad","445","A","Systems_of_Linear_Equations_2/q_19.jpg","Systems of Linear Equations","Algebra","MCQ"
"Systems of Linear Equations 2","2.20","65833256","437","A","Systems_of_Linear_Equations_2/q_20.jpg","Systems of Linear Equations","Algebra","MCQ"
"Systems of Linear Equations 2","2.21","dcc4886a","433","D","Systems_of_Linear_Equations_2/q_21.jpg","Systems of Linear Equations","Algebra","MCQ"
"Systems of Linear Equations 2","2.22","6e50ce28","513","A","Systems_of_Linear_Equations_2/q_22.jpg","Systems of Linear Equations","Algebra","MCQ"
"Systems of Linear Equations 2","2.23","bd45df49","433","D","Systems_of_Linear_Equations_2/q_23.jpg","Systems of Linear Equations","Algebra","MCQ"
"Systems of Linear Equations 3","3.1","d1b66ae6","301","1.5","Systems_of_Linear_Equations_3/q_01.jpg","Systems of Linear Equations","Algebra","SPR"
"Systems of Linear Equations 3","3.2","70feb725","442","D","Systems_of_Linear_Equations_3/q_02.jpg","Systems of Linear Equations","Algebra","MCQ"
"Systems of Linear Equations 3","3.3","e1248a5c","637","D","Systems_of_Linear_Equations_3/q_03.jpg","Systems of Linear Equations","Algebra","MCQ"
"Systems of Linear Equations 3","3.4","52cb8ea4","531","B","Systems_of_Linear_Equations_3/q_04.jpg","Systems of Linear Equations","Algebra","MCQ"
"Systems of Linear Equations 3","3.5","d7bf55e1","291","180","Systems_of_Linear_Equations_3/q_05.jpg","Systems of Linear Equations","Algebra","SPR"
"Systems of Linear Equations 3","3.6","f718c9cf","268","1.8","Systems_of_Linear_Equations_3/q_06.jpg","Systems of Linear Equations","Algebra","SPR"
"Systems of Linear Equations 3","3.7","466b87e3","318","0.5","Systems_of_Linear_Equations_3/q_07.jpg","Systems of Linear Equations","Algebra","SPR"
"Systems of Linear Equations 3","3.8","e2e3942f","532","D","Systems_of_Linear_Equations_3/q_08.jpg","Systems of Linear Equations","Algebra","MCQ"
"Systems of Linear Equations 3","3.9","1e11190a","417","B","Systems_of_Linear_Equations_3/q_09.jpg","Systems of Linear Equations","Algebra","MCQ"
"Systems of Linear Equations 3","3.10","567ac7ab","456","B","Systems_of_Linear_Equations_3/q_10.jpg","Systems of Linear Equations","Algebra","MCQ"
"Systems of Linear Equations 3","3.11","a71b1bc1","246","25","Systems_of_Linear_Equations_3/q_11.jpg","Systems of Linear Equations","Algebra","SPR"
"Systems of Linear Equations 3","3.12","1b1deebe","444","D","Systems_of_Linear_Equations_3/q_12.jpg","Systems of Linear Equations","Algebra","MCQ"
"Systems of Linear Equations 3","3.13","ff501705","268","6","Systems_of_Linear_Equations_3/q_13.jpg","Systems of Linear Equations","Algebra","SPR"
"Systems of Linear Equations 3","3.14","f75bd744","267","8","Systems_of_Linear_Equations_3/q_14.jpg","Systems of Linear Equations","Algebra","SPR"
"Systems of Linear Equations 3","3.15","adb0c96c","267","80","Systems_of_Linear_Equations_3/q_15.jpg","Systems of Linear Equations","Algebra","SPR"
"Systems of Linear Equations 3","3.16","fb5e7f59","328","11","Systems_of_Linear_Equations_3/q_16.jpg","Systems of Linear Equations","Algebra","SPR"
"Systems of Linear Equations 3","3.17","1e0a46e4","488","D","Systems_of_Linear_Equations_3/q_17.jpg","Systems of Linear Equations","Algebra","MCQ"
"Systems of Linear Equations 3","3.18","f03465dc","452","A","Systems_of_Linear_Equations_3/q_18.jpg","Systems of Linear Equations","Algebra","MCQ"
"Two-Variable Data 1","1.1","82aaa0a1","610","B","Two_Variable_Data_1/q_01.jpg","Two-Variable Data","PSDA","MCQ"
"Two-Variable Data 1","1.2","83272c51","724","A","Two_Variable_Data_1/q_02.jpg","Two-Variable Data","PSDA","MCQ"
"Two-Variable Data 1","1.3","ac5b6558","636","B","Two_Variable_Data_1/q_03.jpg","Two-Variable Data","PSDA","MCQ"
"Two-Variable Data 1","1.4","74dee52b","602","A","Two_Variable_Data_1/q_04.jpg","Two-Variable Data","PSDA","MCQ"
"Two-Variable Data 1","1.5","9d88a3e3","606","B","Two_Variable_Data_1/q_05.jpg","Two-Variable Data","PSDA","MCQ"
"Two-Variable Data 1","1.6","c9dd92b1","670","C","Two_Variable_Data_1/q_06.jpg","Two-Variable Data","PSDA","MCQ"
"Two-Variable Data 1","1.7","a6b2fcce","577","D","Two_Variable_Data_1/q_07.jpg","Two-Variable Data","PSDA","MCQ"
"Two-Variable Data 1","1.8","9296553d","575","A","Two_Variable_Data_1/q_08.jpg","Two-Variable Data","PSDA","MCQ"
"Two-Variable Data 1","1.9","d6121490","640","B","Two_Variable_Data_1/q_09.jpg","Two-Variable Data","PSDA","MCQ"
"Two-Variable Data 1","1.10","8156d446","554","480","Two_Variable_Data_1/q_10.jpg","Two-Variable Data","PSDA","SPR"
"Two-Variable Data 1","1.11","d112bc9d","854","C","Two_Variable_Data_1/q_11.jpg","Two-Variable Data","PSDA","MCQ"
"Two-Variable Data 1","1.12","5c24c861","664","C","Two_Variable_Data_1/q_12.jpg","Two-Variable Data","PSDA","MCQ"
"Two-Variable Data 1","1.13","661dfddd","663","B","Two_Variable_Data_1/q_13.jpg","Two-Variable Data","PSDA","MCQ"
"Two-Variable Data 1","1.14","cf0ae57a","676","C","Two_Variable_Data_1/q_14.jpg","Two-Variable Data","PSDA","MCQ"
"Two-Variable Data 1","1.15","ae32cc3c","917","C","Two_Variable_Data_1/q_15.jpg","Two-Variable Data","PSDA","MCQ"
"Two-Variable Data 1","1.16","8d63b6f1","941","C","Two_Variable_Data_1/q_16.jpg","Two-Variable Data","PSDA","MCQ"
"Two-Variable Data 1","1.17","b58dbf88","849","40","Two_Variable_Data_1/q_17.jpg","Two-Variable Data","PSDA","SPR"
"Two-Variable Data 1","1.18","2e511919","650","B","Two_Variable_Data_1/q_18.jpg","Two-Variable Data","PSDA","MCQ"
"Two-Variable Data 2","2.1","1adb39f0","669","A","Two_Variable_Data_2/q_01.jpg","Two-Variable Data","PSDA","MCQ"
"Two-Variable Data 2","2.2","2e74e403","821","C","Two_Variable_Data_2/q_02.jpg","Two-Variable Data","PSDA","MCQ"
"Two-Variable Data 2","2.3","9a144a01","480","C","Two_Variable_Data_2/q_03.jpg","Two-Variable Data","PSDA","MCQ"
"Two-Variable Data 2","2.4","03a16790","815","B","Two_Variable_Data_2/q_04.jpg","Two-Variable Data","PSDA","MCQ"
"Two-Variable Data 2","2.5","7ac5d686","469","B","Two_Variable_Data_2/q_05.jpg","Two-Variable Data","PSDA","MCQ"
"Two-Variable Data 2","2.6","7fd284ac","675","B","Two_Variable_Data_2/q_06.jpg","Two-Variable Data","PSDA","MCQ"
"Two-Variable Data 2","2.7","3d985614","681","C","Two_Variable_Data_2/q_07.jpg","Two-Variable Data","PSDA","MCQ"
"Two-Variable Data 2","2.8","3c5b19ef","631","A","Two_Variable_Data_2/q_08.jpg","Two-Variable Data","PSDA","MCQ"
"Two-Variable Data 2","2.9","ab7740a8","455","D","Two_Variable_Data_2/q_09.jpg","Two-Variable Data","PSDA","MCQ"
"Two-Variable Data 2","2.10","9eb896c5","577","A","Two_Variable_Data_2/q_10.jpg","Two-Variable Data","PSDA","MCQ"
"Two-Variable Data 2","2.11","fdfc90e4","705","C","Two_Variable_Data_2/q_11.jpg","Two-Variable Data","PSDA","MCQ"
"Two-Variable Data 2","2.12","4cc05491","870","C","Two_Variable_Data_2/q_12.jpg","Two-Variable Data","PSDA","MCQ"
"Two-Variable Data 2","2.13","f46139df","705","C","Two_Variable_Data_2/q_13.jpg","Two-Variable Data","PSDA","MCQ"
"Two-Variable Data 3","3.1","d6af3572","653","A","Two_Variable_Data_3/q_01.jpg","Two-Variable Data","PSDA","MCQ"
"Two-Variable Data 3","3.2","1e1027a7","627","D","Two_Variable_Data_3/q_02.jpg","Two-Variable Data","PSDA","MCQ"
"Two-Variable Data 3","3.3","7b52985c","726","4.5","Two_Variable_Data_3/q_03.jpg","Two-Variable Data","PSDA","SPR"
"Two-Variable Data 3","3.4","d0430601","603","285","Two_Variable_Data_3/q_04.jpg","Two-Variable Data","PSDA","SPR"
"Two-Variable Data 3","3.5","e821a26d","685","D","Two_Variable_Data_3/q_05.jpg","Two-Variable Data","PSDA","MCQ"
"Two-Variable Data 3","3.6","79137c1b","679","B","Two_Variable_Data_3/q_06.jpg","Two-Variable Data","PSDA","MCQ"
"Two-Variable Data 3","3.7","af142f8d","546","A","Two_Variable_Data_3/q_07.jpg","Two-Variable Data","PSDA","MCQ"
"Two-Variable Data 3","3.8","9d95e7ad","582","C","Two_Variable_Data_3/q_08.jpg","Two-Variable Data","PSDA","MCQ"
